Site,Product,SerialNumber,Special Build Name,Special Build Description,Unit Number,Station ID,Test Pass/Fail Status,StartTime,EndTime
FXGL,D42,C39YR00AN2QV,D42-CARRIERMINI,D42-CARRIERMINI_2M12WJ,000450,FXGL_C03-5F-BIR_3_LOG-COLLECTION,PASS,2019-07-05 09:14:42,2019-07-05 09:15:29
FXGL,D42,C39YR00BN2QV,D42-CARRIERMINI,D42-CARRIERMINI_2M12WJ,000451,FXGL_C03-5F-BIR_3_LOG-COLLECTION,PASS,2019-07-05 09:15:22,2019-07-05 09:16:03
FXGL,D42,C39YR00HN2QV,D42-CARRIERMINI,D42-CARRIERMINI_2M12WJ,000457,FXGL_C03-5F-BIR_3_LOG-COLLECTION,PASS,2019-07-05 09:21:37,2019-07-05 09:22:22
FXGL,D42,C39YR00HN2QV,D42-CARRIERMINI,D42-CARRIERMINI_2M12WJ,000457,FXGL_C03-5F-BIR_3_LOG-COLLECTION,PASS,2019-07-05 20:35:01,2019-07-05 20:35:35
FXGL,D42,C39YR00MN2QV,D42-CARRIERMINI,D42-CARRIERMINI_2M12WJ,000461,FXGL_C03-5F-BIR_3_LOG-COLLECTION,PASS,2019-07-05 09:13:07,2019-07-05 09:13:45
FXGL,D42,C39YR00NN2QN,D42-CARRIERMINI,D42-CARRIERMINI_6M14WJ,000341,FXGL_C03-5F-BIR_3_LOG-COLLECTION,FAIL,2019-07-05 20:29:05,2019-07-05 20:29:45
FXGL,D42,C39YR00PN2QN,D42-CARRIERMINI,D42-CARRIERMINI_6M14WJ,000354,FXGL_C03-5F-BIR_3_LOG-COLLECTION,PASS,2019-07-05 09:21:42,2019-07-05 09:22:23
FXGL,D42,C39YR00PN2QN,D42-CARRIERMINI,D42-CARRIERMINI_6M14WJ,000354,FXGL_C03-5F-BIR_3_LOG-COLLECTION,PASS,2019-07-05 09:23:10,2019-07-05 09:23:17
FXGL,D42,C39YR00QN2QN,D42-CARRIERMINI,D42-CARRIERMINI_6M14WJ,000342,FXGL_C03-5F-BIR_3_LOG-COLLECTION,PASS,2019-07-05 09:16:20,2019-07-05 09:17:05
FXGL,D42,C39YR00QN2QN,D42-CARRIERMINI,D42-CARRIERMINI_6M14WJ,000342,FXGL_C03-5F-BIR_3_LOG-COLLECTION,PASS,2019-07-05 20:29:16,2019-07-05 20:30:01
FXGL,D42,C39YR012N2QV,D42-CARRIERMINI,D42-CARRIERMINI_2M10WJ,000416,FXGL_C03-5F-BIR_3_LOG-COLLECTION,PASS,2019-07-05 09:21:19,2019-07-05 09:21:58
FXGL,D42,C39YR012N2QV,D42-CARRIERMINI,D42-CARRIERMINI_2M10WJ,000416,FXGL_C03-5F-BIR_3_LOG-COLLECTION,PASS,2019-07-05 20:38:10,2019-07-05 20:38:39
FXGL,D42,C39YR013N2QN,D42-CARRIERMINI,D42-CARRIERMINI_6M14WJ,000367,FXGL_C03-5F-BIR_3_LOG-COLLECTION,PASS,2019-07-05 09:22:52,2019-07-05 09:23:31
FXGL,D42,C39YR013N2QN,D42-CARRIERMINI,D42-CARRIERMINI_6M14WJ,000367,FXGL_C03-5F-BIR_3_LOG-COLLECTION,PASS,2019-07-05 20:31:32,2019-07-05 20:32:13
FXGL,D42,C39YR01DN2QN,D42-CARRIERMINI,D42-CARRIERMINI_6M14WJ,000344,FXGL_C03-5F-BIR_3_LOG-COLLECTION,PASS,2019-07-05 09:20:49,2019-07-05 09:21:28
FXGL,D42,C39YR01DN2QN,D42-CARRIERMINI,D42-CARRIERMINI_6M14WJ,000344,FXGL_C03-5F-BIR_3_LOG-COLLECTION,PASS,2019-07-05 20:30:28,2019-07-05 20:31:15
FXGL,D42,C39YR01DN2QV,D42-CARRIERMINI,D42-CARRIERMINI_2M10WJ,000405,FXGL_C03-5F-BIR_3_LOG-COLLECTION,PASS,2019-07-05 09:18:33,2019-07-05 09:19:09
FXGL,D42,C39YR01PN2QM,D42-CARRIERMINI,D42-CARRIERMINI_3M17B,000612,FXGL_C03-5F-BIR_3_LOG-COLLECTION,PASS,2019-07-05 09:17:29,2019-07-05 09:18:09
FXGL,D42,C39YR01SN2QM,D42-CARRIERMINI,D42-CARRIERMINI_3M17B,000615,FXGL_C03-5F-BIR_3_LOG-COLLECTION,PASS,2019-07-05 09:14:15,2019-07-05 09:14:55
FXGL,D42,C39YR022N2QV,D42-CARRIERMINI,D42-CARRIERMINI_2M10WJ,000413,FXGL_C03-5F-BIR_3_LOG-COLLECTION,PASS,2019-07-05 09:22:49,2019-07-05 09:23:30
FXGL,D42,C39YR029N2QM,D42-CARRIERMINI,D42-CARRIERMINI_3M17B,000630,FXGL_C03-5F-BIR_3_LOG-COLLECTION,PASS,2019-07-05 09:14:21,2019-07-05 09:15:01
FXGL,D42,C39YR02AN2QM,D42-CARRIERMINI,D42-CARRIERMINI_3M17B,000634,FXGL_C03-5F-BIR_3_LOG-COLLECTION,PASS,2019-07-05 09:20:22,2019-07-05 09:21:01
FXGL,D42,C39YR033N2QT,D42-CARRIERMINI,D42-CARRIERMINI_2M4B,000316,FXGL_C03-5F-BIR_3_LOG-COLLECTION,PASS,2019-07-05 09:20:20,2019-07-05 09:21:00
FXGL,D42,C39YR033N2QT,D42-CARRIERMINI,D42-CARRIERMINI_2M4B,000316,FXGL_C03-5F-BIR_3_LOG-COLLECTION,PASS,2019-07-05 20:30:36,2019-07-05 20:31:18
FXGL,D42,C39YR05EN2QM,D42-CARRIERMINI,D42-CARRIERMINI_3M22BJ,000881,FXGL_C03-5F-BIR_3_LOG-COLLECTION,PASS,2019-07-05 09:18:29,2019-07-05 09:19:05
FXGL,D42,C39YR05EN2QM,D42-CARRIERMINI,D42-CARRIERMINI_3M22BJ,000881,FXGL_C03-5F-BIR_3_LOG-COLLECTION,PASS,2019-07-05 20:34:43,2019-07-05 20:35:17
FXGL,D42,C39YV001N2R2,D42-CARRIER,D42-CARRIER_2G31RX,006072,FXGL_C03-5F-BIR_3_LOG-COLLECTION,PASS,2019-07-05 09:17:31,2019-07-05 09:18:11
FXGL,D42,C39YV004N2R2,D42-CARRIER,D42-CARRIER_2G31RX,006075,FXGL_C03-5F-BIR_3_LOG-COLLECTION,PASS,2019-07-05 09:15:27,2019-07-05 09:16:04
FXGL,D42,C39YV00DN2R2,D42-CARRIER,D42-CARRIER_2G31RX,006084,FXGL_C03-5F-BIR_3_LOG-COLLECTION,PASS,2019-07-05 09:16:23,2019-07-05 09:17:06
FXGL,D42,C39YV01CN2RT,D42-CARRIER,D42-CARRIER_1G36RX,006501,FXGL_C03-5F-BIR_3_LOG-COLLECTION,PASS,2019-07-05 09:13:15,2019-07-05 09:13:52
FXGL,D42,C39YV01CN2RT,D42-CARRIER,D42-CARRIER_1G36RX,006501,FXGL_C03-5F-BIR_3_LOG-COLLECTION,PASS,2019-07-05 20:31:35,2019-07-05 20:32:16
FXGL,D42,C39YV01JN2RT,D42-CARRIER,D42-CARRIER_1G36RX,006507,FXGL_C03-5F-BIR_3_LOG-COLLECTION,PASS,2019-07-05 20:34:51,2019-07-05 20:35:27
FXGL,D42,C39YV01MN2RT,D42-CARRIER,D42-CARRIER_1G36RX,006510,FXGL_C03-5F-BIR_3_LOG-COLLECTION,PASS,2019-07-05 09:16:11,2019-07-05 09:16:57
FXGL,D42,C39YV01MN2RT,D42-CARRIER,D42-CARRIER_1G36RX,006510,FXGL_C03-5F-BIR_3_LOG-COLLECTION,PASS,2019-07-05 20:29:10,2019-07-05 20:29:57
FXGL,D42,C39YV020N2RT,D42-CARRIER,D42-CARRIER_1G36RX,006523,FXGL_C03-5F-BIR_3_LOG-COLLECTION,PASS,2019-07-05 09:19:30,2019-07-05 09:20:05
FXGL,D42,C39YV020N2RT,D42-CARRIER,D42-CARRIER_1G36RX,006523,FXGL_C03-5F-BIR_3_LOG-COLLECTION,FAIL,2019-07-05 20:31:12,2019-07-05 20:32:22
FXGL,D42,C39YV020N2RT,D42-CARRIER,D42-CARRIER_1G36RX,006523,FXGL_C03-5F-BIR_3_LOG-COLLECTION,FAIL,2019-07-05 20:32:37,2019-07-05 20:33:00
FXGL,D42,C39YV020N2RT,D42-CARRIER,D42-CARRIER_1G36RX,006523,FXGL_C03-5F-BIR_3_LOG-COLLECTION,PASS,2019-07-05 20:33:14,2019-07-05 20:33:47
FXGL,D43,G6TYT006N38X,D43-CRBMINI,D43-CRBMINI_FXFC6,000235,FXGL_C02-2FT-02_1_LOG-COLLECTION,PASS,2019-07-05 00:23:00,2019-07-05 00:23:12
FXGL,D43,G6TYT007N38X,D43-CRBMINI,D43-CRBMINI_FXFC6,000234,FXGL_C02-2FT-02_1_LOG-COLLECTION,PASS,2019-07-05 05:29:33,2019-07-05 05:29:46
FXGL,D43,G6TYT009N38X,D43-CRBMINI,D43-CRBMINI_FXFC6,000232,FXGL_C02-2FT-02_1_LOG-COLLECTION,PASS,2019-07-05 04:06:06,2019-07-05 04:06:18
FXGL,D43,G6TYT00BN38X,D43-CRBMINI,D43-CRBMINI_FXFC6,000230,FXGL_C02-2FT-02_1_LOG-COLLECTION,PASS,2019-07-05 05:27:34,2019-07-05 05:27:47
FXGL,D43,G6TYT00GN39G,D43-CRBMINI,D43-CRBMINI_FXFC5,000186,FXGL_C02-2FT-02_1_LOG-COLLECTION,PASS,2019-07-05 02:17:04,2019-07-05 02:17:15
FXGL,D43,G6TYT00GN3F2,D43-CRBMINI,D43-CRBMINI_FXFC2,000165,FXGL_C02-2FT-02_1_LOG-COLLECTION,PASS,2019-07-05 01:38:58,2019-07-05 01:39:10
FXGL,D43,G6TYT015N38X,D43-CRBMINI,D43-CRBMINI_FXFC8,000259,FXGL_C02-2FT-02_1_LOG-COLLECTION,PASS,2019-07-05 05:21:07,2019-07-05 05:21:18
FXGL,D43,G6TYV007N38Q,D43-CRBMINI,D43-CRBMINI_9M9B2,000817,FXGL_C02-2FT-02_1_LOG-COLLECTION,PASS,2019-07-05 02:14:10,2019-07-05 02:14:21
FXGL,D43,G6TYV00BN38Q,D43-CRBMINI,D43-CRBMINI_9M9B2,000821,FXGL_C02-2FT-02_1_LOG-COLLECTION,PASS,2019-07-05 02:15:38,2019-07-05 02:15:50
FXGL,D43,G6TYV00BN3F7,D43-CRBMINI,D43-CRBMINI_7M1B2,000451,FXGL_C02-2F-BIR_1_LOG-COLLECTION,PASS,2019-07-05 03:28:12,2019-07-05 03:29:01
FXGL,D43,G6TYV00GN3F7,D43-CRBMINI,D43-CRBMINI_7M1B2,000456,FXGL_C02-2FT-02_1_LOG-COLLECTION,PASS,2019-07-05 03:10:51,2019-07-05 03:11:02
FXGL,D43,G6TYV00JN3D0,D43-CRBMINI,D43-CRBMINI_9M7B1,000766,FXGL_C02-2FT-02_1_LOG-COLLECTION,PASS,2019-07-05 05:26:03,2019-07-05 05:26:16
FXGL,D43,G6TYV00KN3D0,D43-CRBMINI,D43-CRBMINI_9M7B1,000767,FXGL_C02-2FT-02_1_LOG-COLLECTION,PASS,2019-07-05 13:25:46,2019-07-05 13:25:53
FXGL,D43,G6TYV00LN38Q,D43-CRBMINI,D43-CRBMINI_9M9B2,000830,FXGL_C02-2FT-02_1_LOG-COLLECTION,PASS,2019-07-05 01:23:31,2019-07-05 01:23:42
FXGL,D43,G6TYV00XN39M,D43-CRBMINI,D43-CRBMINI_PDFC2,000420,FXGL_C02-2FT-02_1_LOG-COLLECTION,PASS,2019-07-05 01:39:01,2019-07-05 01:39:12
FXGL,D43,G6TYV00XN3FG,D43-CRBMINI,D43-CRBMINI_7M6B1,000700,FXGL_C02-2FT-02_1_LOG-COLLECTION,PASS,2019-07-05 05:41:49,2019-07-05 05:42:01
FXGL,D43,G6TYV00YN39M,D43-CRBMINI,D43-CRBMINI_PDFC2,000419,FXGL_C02-2FT-02_1_LOG-COLLECTION,PASS,2019-07-05 01:19:14,2019-07-05 01:19:25
FXGL,D43,G6TYV00YN39T,D43-CRBMINI,D43-CRBMINI_FXFC10,000309,FXGL_C02-2FT-02_1_LOG-COLLECTION,PASS,2019-07-05 05:13:00,2019-07-05 05:13:12
FXGL,D43,G6TYV00ZN39T,D43-CRBMINI,D43-CRBMINI_FXFC10,000308,FXGL_C02-2FT-02_1_LOG-COLLECTION,PASS,2019-07-05 00:22:33,2019-07-05 00:22:44
FXGL,D43,G6TYV00ZN39T,D43-CRBMINI,D43-CRBMINI_FXFC10,000308,FXGL_C02-2FT-02_1_LOG-COLLECTION,PASS,2019-07-05 00:23:50,2019-07-05 00:23:57
FXGL,D43,G6TYV010N38Q,D43-CRBMINI,D43-CRBMINI_9M9B2,000844,FXGL_C02-2FT-02_1_LOG-COLLECTION,PASS,2019-07-05 00:55:13,2019-07-05 00:55:28
FXGL,D43,G6TYV013N3F7,D43-CRBMINI,D43-CRBMINI_7M1B2,000477,FXGL_C02-2FT-02_1_LOG-COLLECTION,PASS,2019-07-05 08:35:59,2019-07-05 08:36:10
FXGL,D43,G6TYV014N39T,D43-CRBMINI,D43-CRBMINI_FXFC10,000303,FXGL_C02-2FT-02_1_LOG-COLLECTION,PASS,2019-07-05 03:04:25,2019-07-05 03:04:37
FXGL,D43,G6TYV015N3F7,D43-CRBMINI,D43-CRBMINI_7M1B2,000479,FXGL_C02-2F-BIR_1_LOG-COLLECTION,PASS,2019-07-05 03:31:32,2019-07-05 03:32:02
FXGL,D43,G6TYV018N3F7,D43-CRBMINI,D43-CRBMINI_7M1B2,000482,FXGL_C02-2F-BIR_1_LOG-COLLECTION,PASS,2019-07-05 03:29:42,2019-07-05 03:30:09
FXGL,D43,G6TYV019N3F7,D43-CRBMINI,D43-CRBMINI_7M1B2,000483,FXGL_C02-2F-BIR_1_LOG-COLLECTION,PASS,2019-07-05 03:27:14,2019-07-05 03:28:02
FXGL,D43,G6TYV01BN38Q,D43-CRBMINI,D43-CRBMINI_9M9B2,000855,FXGL_C02-2FT-02_1_LOG-COLLECTION,PASS,2019-07-05 08:27:09,2019-07-05 08:27:20
FXGL,D43,G6TYV01CN39M,D43-CRBMINI,D43-CRBMINI_PDFC2,000405,FXGL_C02-2FT-02_1_LOG-COLLECTION,PASS,2019-07-05 00:54:08,2019-07-05 00:54:20
FXGL,D43,G6TYV01EN39M,D43-CRBMINI,D43-CRBMINI_PDFC2,000403,FXGL_C02-2FT-02_1_LOG-COLLECTION,PASS,2019-07-05 05:41:17,2019-07-05 05:41:28
FXGL,D43,G6TYV01EN3F7,D43-CRBMINI,D43-CRBMINI_7M1B2,000488,FXGL_C02-2F-BIR_1_LOG-COLLECTION,PASS,2019-07-05 03:28:02,2019-07-05 03:28:37
FXGL,D43,G6TYV01FN39M,D43-CRBMINI,D43-CRBMINI_PDFC2,000402,FXGL_C02-2FT-02_1_LOG-COLLECTION,PASS,2019-07-05 04:08:26,2019-07-05 04:08:38
FXGL,D43,G6TYV01LN39M,D43-CRBMINI,D43-CRBMINI_PDFC2,000397,FXGL_C02-2FT-02_1_LOG-COLLECTION,PASS,2019-07-05 05:39:32,2019-07-05 05:39:43
FXGL,D43,G6TYV01MN39M,D43-CRBMINI,D43-CRBMINI_PDFC2,000396,FXGL_C02-2FT-02_1_LOG-COLLECTION,PASS,2019-07-05 01:45:21,2019-07-05 01:45:32
FXGL,D43,G6TYV01PN38Q,D43-CRBMINI,D43-CRBMINI_9M9B2,000867,FXGL_C02-2FT-02_1_LOG-COLLECTION,PASS,2019-07-05 04:02:13,2019-07-05 04:02:24
FXGL,D43,G6TYV01PN39M,D43-CRBMINI,D43-CRBMINI_PDFC2,000394,FXGL_C02-2FT-02_1_LOG-COLLECTION,FAIL,2019-07-05 02:10:32,2019-07-05 02:10:40
FXGL,D43,G6TYV01PN39M,D43-CRBMINI,D43-CRBMINI_PDFC2,000394,FXGL_C02-2FT-02_1_LOG-COLLECTION,PASS,2019-07-05 02:12:12,2019-07-05 02:12:19
FXGL,D43,G6TYV01PN39T,D43-CRBMINI,D43-CRBMINI_7M3B1,000557,FXGL_C02-2FT-02_1_LOG-COLLECTION,PASS,2019-07-05 04:03:46,2019-07-05 04:03:56
FXGL,D43,G6TYV01QN38Q,D43-CRBMINI,D43-CRBMINI_9M9B2,000868,FXGL_C02-2FT-02_1_LOG-COLLECTION,PASS,2019-07-05 00:20:14,2019-07-05 00:20:25
FXGL,D43,G6TYV01RN38Q,D43-CRBMINI,D43-CRBMINI_9M9B2,000869,FXGL_C02-2FT-02_1_LOG-COLLECTION,PASS,2019-07-05 05:29:35,2019-07-05 05:29:47
FXGL,D43,G6TYV01SN39M,D43-CRBMINI,D43-CRBMINI_PDFC2,000391,FXGL_C02-2FT-02_1_LOG-COLLECTION,PASS,2019-07-05 05:39:11,2019-07-05 05:39:22
FXGL,D43,G6TYV01UN38Q,D43-CRBMINI,D43-CRBMINI_9M9B2,000872,FXGL_C02-2FT-02_1_LOG-COLLECTION,PASS,2019-07-05 02:29:15,2019-07-05 02:29:25
FXGL,D43,G6TYV021N39M,D43-CRBMINI,D43-CRBMINI_7M5B2,000599,FXGL_C02-2FT-02_1_LOG-COLLECTION,PASS,2019-07-05 00:20:08,2019-07-05 00:20:19
FXGL,D43,G6TYV022N39M,D43-CRBMINI,D43-CRBMINI_7M5B2,000600,FXGL_C02-2FT-02_1_LOG-COLLECTION,PASS,2019-07-05 02:19:39,2019-07-05 02:19:50
FXGL,D43,G6TYV027N38Q,D43-CRBMINI,D43-CRBMINI_9M9B2,000885,FXGL_C02-2FT-02_1_LOG-COLLECTION,PASS,2019-07-05 03:06:55,2019-07-05 03:07:06
FXGL,D43,G6TYV028N39M,D43-CRBMINI,D43-CRBMINI_7M5B2,000606,FXGL_C02-2FT-02_1_LOG-COLLECTION,PASS,2019-07-05 02:24:32,2019-07-05 02:24:43
FXGL,D43,G6TYV029N39M,D43-CRBMINI,D43-CRBMINI_7M5B2,000607,FXGL_C02-2FT-02_1_LOG-COLLECTION,PASS,2019-07-05 03:07:19,2019-07-05 03:07:30
FXGL,D43,G6TYV02CN39M,D43-CRBMINI,D43-CRBMINI_7M5B2,000610,FXGL_C02-2FT-02_1_LOG-COLLECTION,PASS,2019-07-05 00:54:45,2019-07-05 00:54:56
FXGL,D43,G6TYV02HN39M,D43-CRBMINI,D43-CRBMINI_7M5B2,000615,FXGL_C02-2FT-02_1_LOG-COLLECTION,PASS,2019-07-05 01:20:00,2019-07-05 01:20:11
FXGL,D43,G6TYV02JN39M,D43-CRBMINI,D43-CRBMINI_7M5B2,000616,FXGL_C02-2F-BIR_1_LOG-COLLECTION,PASS,2019-07-05 03:28:30,2019-07-05 03:29:09
FXGL,D43,G6TYV02MN39M,D43-CRBMINI,D43-CRBMINI_7M5B2,000619,FXGL_C02-2F-BIR_1_LOG-COLLECTION,PASS,2019-07-05 03:28:20,2019-07-05 03:29:01
FXGL,D43,G6TYV02NN39M,D43-CRBMINI,D43-CRBMINI_7M5B2,000620,FXGL_C02-2F-BIR_1_LOG-COLLECTION,PASS,2019-07-05 03:30:29,2019-07-05 03:31:09
FXGL,D43,G6TYV02PN39M,D43-CRBMINI,D43-CRBMINI_7M5B2,000621,FXGL_C02-2F-BIR_1_LOG-COLLECTION,PASS,2019-07-05 03:28:43,2019-07-05 03:29:39
FXGL,D43,G6TYV02QN39M,D43-CRBMINI,D43-CRBMINI_7M5B2,000622,FXGL_C02-2F-BIR_1_LOG-COLLECTION,PASS,2019-07-05 03:29:24,2019-07-05 03:30:03
FXGL,D43,G6TYV02YN38Q,D43-CRBMINI,D43-CRBMINI_9M9B2,000904,FXGL_C02-2FT-02_1_LOG-COLLECTION,PASS,2019-07-05 10:02:00,2019-07-05 10:02:15
FXGL,D43,G6TYV02ZN39M,D43-CRBMINI,D43-CRBMINI_7M5B2,000631,FXGL_C02-2F-BIR_1_LOG-COLLECTION,PASS,2019-07-05 03:31:36,2019-07-05 03:32:06
FXGL,D43,G6TYV03GN394,D43-CRBMINI,D43-CRBMINI_8M18W2,001464,FXGL_C02-2FT-02_1_LOG-COLLECTION,PASS,2019-07-05 01:31:12,2019-07-05 01:31:25
FXGL,D43,G6TYV040N3FG,D43-CRBMINI,D43-CRBMINI_7M12B1,001121,FXGL_C02-2FT-02_1_LOG-COLLECTION,PASS,2019-07-05 00:19:50,2019-07-05 00:20:01
FXGL,D43,G6TYW004N38X,D43-CRB,D43-CRB_8Q1B,004924,FXGL_C02-2FT-02_1_LOG-COLLECTION,FAIL,2019-07-05 08:38:26,2019-07-05 08:38:36
FXGL,D43,G6TYW004N38X,D43-CRB,D43-CRB_8Q1B,004924,FXGL_C02-2FT-02_1_LOG-COLLECTION,FAIL,2019-07-05 08:38:59,2019-07-05 08:39:05
FXGL,D43,G6TYW006N39P,D43-CRB,D43-CRB_7G5R,003416,FXGL_C02-2FT-02_1_LOG-COLLECTION,PASS,2019-07-05 04:18:11,2019-07-05 04:18:22
FXGL,D43,G6TYW008N39K,D43-CRB,D43-CRB_7G27G3,005519,FXGL_C02-2F-BIR_1_LOG-COLLECTION,PASS,2019-07-05 03:32:37,2019-07-05 03:32:59
FXGL,D43,G6TYW009N39P,D43-CRB,D43-CRB_7G5R,003419,FXGL_C02-2FT-02_1_LOG-COLLECTION,PASS,2019-07-05 21:50:19,2019-07-05 21:50:30
FXGL,D43,G6TYW00FN39X,D43-CRB,D43-CRB_7G19G3,004656,FXGL_C02-2FT-02_1_LOG-COLLECTION,PASS,2019-07-05 04:15:00,2019-07-05 04:15:11
FXGL,D43,G6TYW00MN38M,D43-CRB,D43-CRB_9G30R,005406,FXGL_C02-2FT-02_1_LOG-COLLECTION,PASS,2019-07-05 21:49:58,2019-07-05 21:50:10
FXGL,D43,G6TYW00MN39P,D43-CRB,D43-CRB_7G5R,003431,FXGL_C02-2FT-02_1_LOG-COLLECTION,PASS,2019-07-05 21:52:48,2019-07-05 21:52:59
FXGL,D43,G6TYW00QN39P,D43-CRB,D43-CRB_7G5R,003434,FXGL_C02-2FT-02_1_LOG-COLLECTION,PASS,2019-07-05 21:50:06,2019-07-05 21:50:17
FXGL,D43,G6TYW00QN39X,D43-CRB,D43-CRB_7G19G3,004647,FXGL_C02-2FT-02_1_LOG-COLLECTION,FAIL,2019-07-05 05:37:30,2019-07-05 05:37:58
FXGL,D43,G6TYW00QN39X,D43-CRB,D43-CRB_7G19G3,004647,FXGL_C02-2FT-02_1_LOG-COLLECTION,FAIL,2019-07-05 05:46:08,2019-07-05 05:46:21
FXGL,D43,G6TYW00QN39X,D43-CRB,D43-CRB_7G19G3,004647,FXGL_C02-2FT-02_1_LOG-COLLECTION,FAIL,2019-07-05 05:52:19,2019-07-05 05:52:26
FXGL,D43,G6TYW00QN39X,D43-CRB,D43-CRB_7G19G3,004647,FXGL_C02-2FT-02_1_LOG-COLLECTION,FAIL,2019-07-05 05:52:44,2019-07-05 05:52:51
FXGL,D43,G6TYW00SN38M,D43-CRB,D43-CRB_9G30R,005401,FXGL_C02-2FT-02_1_LOG-COLLECTION,PASS,2019-07-05 21:52:10,2019-07-05 21:52:23
FXGL,D43,G6TYW00WN39P,D43-CRB,D43-CRB_7G5R,003440,FXGL_C02-2FT-02_1_LOG-COLLECTION,PASS,2019-07-05 21:16:46,2019-07-05 21:16:57
FXGL,D43,G6TYW00ZN395,D43-CRB,D43-CRB_8G1R,003263,FXGL_C02-2FT-02_1_LOG-COLLECTION,PASS,2019-07-05 00:19:14,2019-07-05 00:19:26
FXGL,D43,G6TYW00ZN3G9,D43-CRB,D43-CRB_9ZC3B3,002601,FXGL_C02-2FT-02_1_LOG-COLLECTION,PASS,2019-07-05 04:15:59,2019-07-05 04:16:10
FXGL,D43,G6TYW011N393,D43-CRB,D43-CRB_8Y7B3,002095,FXGL_C02-2FT-02_1_LOG-COLLECTION,PASS,2019-07-05 04:11:57,2019-07-05 04:12:08
FXGL,D43,G6TYW011N8MR,D43-CRB,D43-CRB_8A1R1,004710,FXGL_C02-2FT-02_1_LOG-COLLECTION,PASS,2019-07-05 09:33:46,2019-07-05 09:34:18
FXGL,D43,G6TYW012N8MR,D43-CRB,D43-CRB_8A1R1,004709,FXGL_C02-2FT-02_1_LOG-COLLECTION,PASS,2019-07-05 21:12:54,2019-07-05 21:13:05
FXGL,D43,G6TYW014N8MR,D43-CRB,D43-CRB_8A1R1,004707,FXGL_C02-2FT-02_1_LOG-COLLECTION,PASS,2019-07-05 22:07:06,2019-07-05 22:07:17
FXGL,D43,G6TYW016N391,D43-CRB,D43-CRB_8G14G,004903,FXGL_C02-2FT-02_1_LOG-COLLECTION,PASS,2019-07-05 03:14:53,2019-07-05 03:15:03
FXGL,D43,G6TYW01AN391,D43-CRB,D43-CRB_8G14G,004907,FXGL_C02-2F-BIR_1_LOG-COLLECTION,FAIL,2019-07-05 03:26:49,2019-07-05 03:26:53
FXGL,D43,G6TYW01AN391,D43-CRB,D43-CRB_8G14G,004907,FXGL_C02-2F-BIR_1_LOG-COLLECTION,PASS,2019-07-05 03:27:23,2019-07-05 03:28:12
FXGL,D43,G6TYW01BN39K,D43-CRB,D43-CRB_7G27G3,005554,FXGL_C02-2FT-02_1_LOG-COLLECTION,PASS,2019-07-05 01:07:50,2019-07-05 01:08:02
FXGL,D43,G6TYW01FN39K,D43-CRB,D43-CRB_7G27G3,005507,FXGL_C02-2F-BIR_1_LOG-COLLECTION,PASS,2019-07-05 09:14:42,2019-07-05 09:15:15
FXGL,D43,G6TYW01GN391,D43-CRB,D43-CRB_8G14G,004913,FXGL_C02-2F-BIR_1_LOG-COLLECTION,PASS,2019-07-05 03:31:29,2019-07-05 03:32:00
FXGL,D43,G6TYW01HN391,D43-CRB,D43-CRB_8G14G,004914,FXGL_C02-2FT-02_1_LOG-COLLECTION,PASS,2019-07-05 04:10:43,2019-07-05 04:10:54
FXGL,D43,G6TYW01HN8ML,D43-CRB,D43-CRB_8A2R1,005466,FXGL_C02-2FT-02_1_LOG-COLLECTION,PASS,2019-07-05 21:40:05,2019-07-05 21:40:17
FXGL,D43,G6TYW01JN391,D43-CRB,D43-CRB_8G14G,004915,FXGL_C02-2F-BIR_1_LOG-COLLECTION,PASS,2019-07-05 03:30:23,2019-07-05 03:31:04
FXGL,D43,G6TYW01MN391,D43-CRB,D43-CRB_8G14G,004918,FXGL_C02-2F-BIR_1_LOG-COLLECTION,PASS,2019-07-05 03:27:11,2019-07-05 03:27:58
FXGL,D43,G6TYW01MN39P,D43-CRB,D43-CRB_7G5R,003465,FXGL_C02-2FT-02_1_LOG-COLLECTION,PASS,2019-07-05 05:22:56,2019-07-05 05:23:07
FXGL,D43,G6TYW01NN8ML,D43-CRB,D43-CRB_8A2R1,005449,FXGL_C02-2FT-02_1_LOG-COLLECTION,PASS,2019-07-05 21:47:03,2019-07-05 21:47:15
FXGL,D43,G6TYW01RN391,D43-CRB,D43-CRB_8G14G,004892,FXGL_C02-2F-BIR_1_LOG-COLLECTION,PASS,2019-07-05 03:29:04,2019-07-05 03:29:39
FXGL,D43,G6TYW01RN391,D43-CRB,D43-CRB_8G14G,004892,FXGL_C02-2F-BIR_1_LOG-COLLECTION,PASS,2019-07-05 03:30:35,2019-07-05 03:30:43
FXGL,D43,G6TYW01SN391,D43-CRB,D43-CRB_8G14G,004893,FXGL_C02-2F-BIR_1_LOG-COLLECTION,PASS,2019-07-05 03:31:10,2019-07-05 03:31:37
FXGL,D43,G6TYW01SN8ML,D43-CRB,D43-CRB_8A2R1,005461,FXGL_C02-2FT-02_1_LOG-COLLECTION,PASS,2019-07-05 22:24:13,2019-07-05 22:24:25
FXGL,D43,G6TYW01VN8ML,D43-CRB,D43-CRB_8A2R1,005458,FXGL_C02-2FT-02_1_LOG-COLLECTION,PASS,2019-07-05 21:42:26,2019-07-05 21:42:37
FXGL,D43,G6TYW01WN8ML,D43-CRB,D43-CRB_8A2R1,005457,FXGL_C02-2FT-02_1_LOG-COLLECTION,PASS,2019-07-05 21:41:14,2019-07-05 21:41:25
FXGL,D43,G6TYW01YN8ML,D43-CRB,D43-CRB_8A2R1,005455,FXGL_C02-2FT-02_1_LOG-COLLECTION,PASS,2019-07-05 21:45:20,2019-07-05 21:45:32
FXGL,D43,G6TYW020N8ML,D43-CRB,D43-CRB_8A2R1,005453,FXGL_C02-2FT-02_1_LOG-COLLECTION,PASS,2019-07-05 21:55:52,2019-07-05 21:56:04
FXGL,D43,G6TYW021N39Q,D43-CRB,D43-CRB_7S4G3,004111,FXGL_C02-2FT-02_1_LOG-COLLECTION,PASS,2019-07-05 05:38:57,2019-07-05 05:39:08
FXGL,D43,G6TYW021N8ML,D43-CRB,D43-CRB_8A2R1,005448,FXGL_C02-2FT-02_1_LOG-COLLECTION,PASS,2019-07-05 05:26:11,2019-07-05 05:26:22
FXGL,D43,G6TYW022N39K,D43-CRB,D43-CRB_7G27G3,005487,FXGL_C02-2F-BIR_1_LOG-COLLECTION,PASS,2019-07-05 09:14:38,2019-07-05 09:15:10
FXGL,D43,G6TYW023N8ML,D43-CRB,D43-CRB_8A2R1,005446,FXGL_C02-2FT-02_1_LOG-COLLECTION,PASS,2019-07-05 22:24:21,2019-07-05 22:24:32
FXGL,D43,G6TYW024N8ML,D43-CRB,D43-CRB_8A2R1,005445,FXGL_C02-2FT-02_1_LOG-COLLECTION,PASS,2019-07-05 21:41:18,2019-07-05 21:41:29
FXGL,D43,G6TYW025N8ML,D43-CRB,D43-CRB_8A2R1,005444,FXGL_C02-2FT-02_1_LOG-COLLECTION,PASS,2019-07-05 05:15:09,2019-07-05 05:15:20
FXGL,D43,G6TYW027N8ML,D43-CRB,D43-CRB_8A2R1,005442,FXGL_C02-2FT-02_1_LOG-COLLECTION,PASS,2019-07-05 21:44:21,2019-07-05 21:44:33
FXGL,D43,G6TYW029N39K,D43-CRB,D43-CRB_7G27G3,005480,FXGL_C02-2FT-02_1_LOG-COLLECTION,PASS,2019-07-05 03:12:43,2019-07-05 03:12:54
FXGL,D43,G6TYW029N8ML,D43-CRB,D43-CRB_8A2R1,005440,FXGL_C02-2FT-02_1_LOG-COLLECTION,PASS,2019-07-05 21:15:04,2019-07-05 21:15:16
FXGL,D43,G6TYW02AN8ML,D43-CRB,D43-CRB_8A2R1,005439,FXGL_C02-2FT-02_1_LOG-COLLECTION,FAIL,2019-07-05 05:24:01,2019-07-05 05:24:13
FXGL,D43,G6TYW02AN8ML,D43-CRB,D43-CRB_8A2R1,005439,FXGL_C02-2FT-02_1_LOG-COLLECTION,PASS,2019-07-05 05:25:06,2019-07-05 05:25:17
FXGL,D43,G6TYW02BN8ML,D43-CRB,D43-CRB_8A2R1,005438,FXGL_C02-2FT-02_1_LOG-COLLECTION,PASS,2019-07-05 21:47:59,2019-07-05 21:48:10
FXGL,D43,G6TYW02CN39K,D43-CRB,D43-CRB_7G27G3,005477,FXGL_C02-2FT-02_1_LOG-COLLECTION,PASS,2019-07-05 04:21:38,2019-07-05 04:21:52
FXGL,D43,G6TYW02EN39K,D43-CRB,D43-CRB_7G27G3,005475,FXGL_C02-2F-BIR_1_LOG-COLLECTION,PASS,2019-07-05 09:14:35,2019-07-05 09:15:08
FXGL,D43,G6TYW02FN8ML,D43-CRB,D43-CRB_8A2R1,005434,FXGL_C02-2FT-02_1_LOG-COLLECTION,PASS,2019-07-05 21:45:22,2019-07-05 21:45:34
FXGL,D43,G6TYW02HN8ML,D43-CRB,D43-CRB_8A2R1,005432,FXGL_C02-2FT-02_1_LOG-COLLECTION,PASS,2019-07-05 21:44:27,2019-07-05 21:44:39
FXGL,D43,G6TYW02PN8ML,D43-CRB,D43-CRB_8A2R1,005426,FXGL_C02-2FT-02_1_LOG-COLLECTION,PASS,2019-07-05 21:51:35,2019-07-05 21:51:48
FXGL,D43,G6TYW02SN8ML,D43-CRB,D43-CRB_8A2R1,005423,FXGL_C02-2FT-02_1_LOG-COLLECTION,PASS,2019-07-05 22:04:35,2019-07-05 22:04:48
FXGL,D43,G6TYW02WN39V,D43-CRB,D43-CRB_7G17W3,004753,FXGL_C02-2FT-02_1_LOG-COLLECTION,PASS,2019-07-05 05:38:37,2019-07-05 05:38:47
FXGL,D43,G6TYW02YN39X,D43-CRB,D43-CRB_7G19G3,004571,FXGL_C02-2FT-02_1_LOG-COLLECTION,PASS,2019-07-05 00:22:25,2019-07-05 00:22:37
FXGL,D43,G6TYW02YN8ML,D43-CRB,D43-CRB_8A2R1,005417,FXGL_C02-2FT-02_1_LOG-COLLECTION,PASS,2019-07-05 05:38:28,2019-07-05 05:38:39
FXGL,D43,G6TYW02ZN38M,D43-CRB,D43-CRB_9G30R,005326,FXGL_C02-2FT-02_1_LOG-COLLECTION,PASS,2019-07-05 05:42:02,2019-07-05 05:42:22
FXGL,D43,G6TYW035N396,D43-CRB,D43-CRB_8S3G3,004152,FXGL_C02-2FT-02_1_LOG-COLLECTION,PASS,2019-07-05 05:37:35,2019-07-05 05:37:46
FXGL,D43,G6TYW03AN395,D43-CRB,D43-CRB_8G8R,003848,FXGL_C02-2FT-02_1_LOG-COLLECTION,PASS,2019-07-05 21:16:32,2019-07-05 21:16:44
FXGL,D43,G6TYW03BN39W,D43-CRB,D43-CRB_7G6R,003547,FXGL_C02-2FT-02_1_LOG-COLLECTION,FAIL,2019-07-05 03:07:34,2019-07-05 03:08:01
FXGL,D43,G6TYW03DN39P,D43-CRB,D43-CRB_7G5R,003523,FXGL_C02-2FT-02_1_LOG-COLLECTION,PASS,2019-07-05 21:18:39,2019-07-05 21:18:50
FXGL,D43,G6TYW03JN38M,D43-CRB,D43-CRB_9G30R,005307,FXGL_C02-2FT-02_1_LOG-COLLECTION,PASS,2019-07-05 02:12:57,2019-07-05 02:13:08
FXGL,D43,G6TYW03QN39Q,D43-CRB,D43-CRB_7G15G,004471,FXGL_C02-2FT-02_1_LOG-COLLECTION,PASS,2019-07-05 00:52:57,2019-07-05 00:53:08
FXGL,D43,G6TYW03YN38M,D43-CRB,D43-CRB_9G30R,005293,FXGL_C02-2FT-02_1_LOG-COLLECTION,PASS,2019-07-05 22:04:27,2019-07-05 22:04:39
FXGL,D43,G6TYW04AN38M,D43-CRB,D43-CRB_9G30R,005281,FXGL_C02-2FT-02_1_LOG-COLLECTION,PASS,2019-07-05 21:21:51,2019-07-05 21:22:02
FXGL,D43,G6TYW04QN38N,D43-CRB,D43-CRB_9G29G3,005726,FXGL_C02-2F-BIR_1_LOG-COLLECTION,PASS,2019-07-05 03:27:22,2019-07-05 03:28:11
FXGL,D43,G6TYW04XN38N,D43-CRB,D43-CRB_9G29G3,005733,FXGL_C02-2F-BIR_1_LOG-COLLECTION,PASS,2019-07-05 03:27:05,2019-07-05 03:27:46
FXGL,D43,G6TYW050N396,D43-CRB,D43-CRB_8G28G3,005646,FXGL_C02-2FT-02_1_LOG-COLLECTION,PASS,2019-07-05 22:26:06,2019-07-05 22:26:18
FXGL,D43,G6TYW051N39P,D43-CRB,D43-CRB_7Y24R3,003623,FXGL_C02-2FT-02_1_LOG-COLLECTION,PASS,2019-07-05 00:19:48,2019-07-05 00:19:59
FXGL,D43,G6TYW053N396,D43-CRB,D43-CRB_8G28G3,005609,FXGL_C02-2FT-02_1_LOG-COLLECTION,PASS,2019-07-05 22:06:11,2019-07-05 22:06:24
FXGL,D43,G6TYW054N396,D43-CRB,D43-CRB_8G28G3,005610,FXGL_C02-2FT-02_1_LOG-COLLECTION,PASS,2019-07-05 22:06:20,2019-07-05 22:06:32
FXGL,D43,G6TYW059N395,D43-CRB,D43-CRB_8G8R,003882,FXGL_C02-2FT-02_1_LOG-COLLECTION,PASS,2019-07-05 21:47:07,2019-07-05 21:47:18
FXGL,D43,G6TYW05KN395,D43-CRB,D43-CRB_8G8R,003872,FXGL_C02-2FT-02_1_LOG-COLLECTION,PASS,2019-07-05 21:25:34,2019-07-05 21:25:45
FXGL,D43,G6TYW05PN395,D43-CRB,D43-CRB_8G8R,003868,FXGL_C02-2FT-02_1_LOG-COLLECTION,PASS,2019-07-05 03:04:59,2019-07-05 03:05:11
FXGL,D43,G6TYW05UN39Q,D43-CRB,D43-CRB_7G15G,004543,FXGL_C02-2FT-02_1_LOG-COLLECTION,PASS,2019-07-05 00:21:47,2019-07-05 00:21:59
FXGL,D43,G6TYW05XN38N,D43-CRB,D43-CRB_9G29G3,005764,FXGL_C02-2F-BIR_1_LOG-COLLECTION,PASS,2019-07-05 03:30:25,2019-07-05 03:31:07
FXGL,D43,G6TYW05XN395,D43-CRB,D43-CRB_8G8R,003860,FXGL_C02-2FT-02_1_LOG-COLLECTION,PASS,2019-07-05 21:23:26,2019-07-05 21:23:37
FXGL,D43,G6TYW05ZN38N,D43-CRB,D43-CRB_9G29G3,005766,FXGL_C02-2F-BIR_1_LOG-COLLECTION,PASS,2019-07-05 03:30:39,2019-07-05 03:31:14
FXGL,D43,G6TYW05ZN395,D43-CRB,D43-CRB_8G8R,003858,FXGL_C02-2FT-02_1_LOG-COLLECTION,PASS,2019-07-05 21:15:50,2019-07-05 21:16:01
FXGL,D43,G6TYW060N38N,D43-CRB,D43-CRB_9G29G3,005767,FXGL_C02-2F-BIR_1_LOG-COLLECTION,PASS,2019-07-05 03:27:20,2019-07-05 03:28:09
FXGL,D43,G6TYW067N38N,D43-CRB,D43-CRB_9G29G3,005774,FXGL_C02-2F-BIR_1_LOG-COLLECTION,PASS,2019-07-05 03:28:25,2019-07-05 03:29:04
FXGL,D43,G6TYW069N396,D43-CRB,D43-CRB_8G28G3,005681,FXGL_C02-2FT-02_1_LOG-COLLECTION,PASS,2019-07-05 21:52:02,2019-07-05 21:52:13
FXGL,D43,G6TYW073N396,D43-CRB,D43-CRB_8G28G3,005674,FXGL_C02-2FT-02_1_LOG-COLLECTION,PASS,2019-07-05 21:40:03,2019-07-05 21:40:15
FXGL,D43,G6TYW074N396,D43-CRB,D43-CRB_8G28G3,005675,FXGL_C02-2FT-02_1_LOG-COLLECTION,PASS,2019-07-05 22:27:59,2019-07-05 22:28:10
FXGL,D43,G6TYW077N396,D43-CRB,D43-CRB_8G28G3,005689,FXGL_C02-2FT-02_1_LOG-COLLECTION,PASS,2019-07-05 22:04:29,2019-07-05 22:04:42
FXGL,D43,G6TYW07AN396,D43-CRB,D43-CRB_8G28G3,005692,FXGL_C02-2FT-02_1_LOG-COLLECTION,PASS,2019-07-05 21:17:28,2019-07-05 21:17:39
FXGL,D43,G6TYW08BN396,D43-CRB,D43-CRB_8G28G3,005588,FXGL_C02-2FT-02_1_LOG-COLLECTION,PASS,2019-07-05 22:01:30,2019-07-05 22:01:42
FXGL,D43,G6TYW08DN396,D43-CRB,D43-CRB_8G28G3,005590,FXGL_C02-2FT-02_1_LOG-COLLECTION,PASS,2019-07-05 01:26:26,2019-07-05 01:26:37
FXGL,D43,G6TYW08PN39T,D43-CRB,D43-CRB_7Y23B,003395,FXGL_C02-2FT-02_1_LOG-COLLECTION,PASS,2019-07-05 05:54:53,2019-07-05 05:55:08
FXGL,D43,G6TYX001N39C,D43-CRB,D43-CRB_8A5R,007243,FXGL_C02-2FT-02_1_LOG-COLLECTION,PASS,2019-07-05 04:08:29,2019-07-05 04:08:40
FXGL,D43,G6TYX001N8MW,D43-CRB,D43-CRB_7G45B,007331,FXGL_C02-2FT-02_1_LOG-COLLECTION,PASS,2019-07-05 00:47:09,2019-07-05 00:47:21
FXGL,D43,G6TYX002N8MW,D43-CRB,D43-CRB_7G45B,007332,FXGL_C02-2FT-02_1_LOG-COLLECTION,PASS,2019-07-05 00:21:42,2019-07-05 00:21:54
FXGL,D43,G6TYX003N8MW,D43-CRB,D43-CRB_7G45B,007333,FXGL_C02-2FT-02_1_LOG-COLLECTION,PASS,2019-07-05 00:52:53,2019-07-05 00:53:05
FXGL,D43,G6TYX004N395,D43-CRB,D43-CRB_8G33R,006288,FXGL_C02-2FT-02_1_LOG-COLLECTION,PASS,2019-07-05 04:19:58,2019-07-05 04:20:10
FXGL,D43,G6TYX004N8MW,D43-CRB,D43-CRB_7G45B,007334,FXGL_C02-2FT-02_1_LOG-COLLECTION,PASS,2019-07-05 02:05:06,2019-07-05 02:05:17
FXGL,D43,G6TYX005N8MW,D43-CRB,D43-CRB_7G45B,007335,FXGL_C02-2FT-02_1_LOG-COLLECTION,PASS,2019-07-05 00:45:17,2019-07-05 00:45:37
FXGL,D43,G6TYX005N8MW,D43-CRB,D43-CRB_7G45B,007335,FXGL_C02-2FT-02_1_LOG-COLLECTION,PASS,2019-07-05 01:29:10,2019-07-05 01:29:20
FXGL,D43,G6TYX007N395,D43-CRB,D43-CRB_8G33R,006285,FXGL_C02-2FT-02_1_LOG-COLLECTION,PASS,2019-07-05 05:24:40,2019-07-05 05:24:50
FXGL,D43,G6TYX007N8MW,D43-CRB,D43-CRB_7G45B,007337,FXGL_C02-2FT-02_1_LOG-COLLECTION,PASS,2019-07-05 05:20:26,2019-07-05 05:20:37
FXGL,D43,G6TYX008N38Y,D43-CRB,D43-CRB_8G59W,008300,FXGL_C02-2FT-02_1_LOG-COLLECTION,PASS,2019-07-05 02:12:42,2019-07-05 02:12:52
FXGL,D43,G6TYX008N8MW,D43-CRB,D43-CRB_7G45B,007338,FXGL_C02-2FT-02_1_LOG-COLLECTION,PASS,2019-07-05 00:52:02,2019-07-05 00:52:14
FXGL,D43,G6TYX00AN8MW,D43-CRB,D43-CRB_7G45B,007340,FXGL_C02-2FT-02_1_LOG-COLLECTION,PASS,2019-07-05 02:22:20,2019-07-05 02:22:31
FXGL,D43,G6TYX00BN8MW,D43-CRB,D43-CRB_7G45B,007341,FXGL_C02-2FT-02_1_LOG-COLLECTION,PASS,2019-07-05 01:08:20,2019-07-05 01:08:32
FXGL,D43,G6TYX00CN39Q,D43-CRB,D43-CRB_7G37G,006542,FXGL_C02-2FT-02_1_LOG-COLLECTION,PASS,2019-07-05 04:17:26,2019-07-05 04:17:37
FXGL,D43,G6TYX00FN8MW,D43-CRB,D43-CRB_7G45B,007345,FXGL_C02-2FT-02_1_LOG-COLLECTION,PASS,2019-07-05 02:23:33,2019-07-05 02:23:44
FXGL,D43,G6TYX00HN38Y,D43-CRB,D43-CRB_8G59W,008309,FXGL_C02-2FT-02_1_LOG-COLLECTION,PASS,2019-07-05 01:15:21,2019-07-05 01:15:32
FXGL,D43,G6TYX00HN8MW,D43-CRB,D43-CRB_7G45B,007347,FXGL_C02-2FT-02_1_LOG-COLLECTION,PASS,2019-07-05 03:09:12,2019-07-05 03:09:23
FXGL,D43,G6TYX00JN8MW,D43-CRB,D43-CRB_7G45B,007348,FXGL_C02-2FT-02_1_LOG-COLLECTION,PASS,2019-07-05 03:10:35,2019-07-05 03:10:46
FXGL,D43,G6TYX00KN38G,D43-CRB,D43-CRB_9G54R3,008031,FXGL_C02-2FT-02_1_LOG-COLLECTION,PASS,2019-07-05 00:44:47,2019-07-05 00:44:58
FXGL,D43,G6TYX00LN38G,D43-CRB,D43-CRB_9G54R3,008032,FXGL_C02-2FT-02_1_LOG-COLLECTION,PASS,2019-07-05 00:43:24,2019-07-05 00:43:35
FXGL,D43,G6TYX00MN38G,D43-CRB,D43-CRB_9G54R3,008033,FXGL_C02-2FT-02_1_LOG-COLLECTION,PASS,2019-07-05 08:24:05,2019-07-05 08:24:16
FXGL,D43,G6TYX00MN8MW,D43-CRB,D43-CRB_7G45B,007351,FXGL_C02-2FT-02_1_LOG-COLLECTION,PASS,2019-07-05 05:39:20,2019-07-05 05:39:32
FXGL,D43,G6TYX00NN39Q,D43-CRB,D43-CRB_7G37G,006562,FXGL_C02-2FT-02_1_LOG-COLLECTION,PASS,2019-07-05 05:42:37,2019-07-05 05:42:48
FXGL,D43,G6TYX00NN39W,D43-CRB,D43-CRB_7G38R1,006678,FXGL_C02-2FT-02_1_LOG-COLLECTION,PASS,2019-07-05 05:37:26,2019-07-05 05:37:39
FXGL,D43,G6TYX00PN38G,D43-CRB,D43-CRB_9G54R3,008035,FXGL_C02-2FT-02_1_LOG-COLLECTION,PASS,2019-07-05 01:29:25,2019-07-05 01:29:37
FXGL,D43,G6TYX00PN39Q,D43-CRB,D43-CRB_7G37G,006563,FXGL_C02-2FT-02_1_LOG-COLLECTION,PASS,2019-07-05 21:20:05,2019-07-05 21:20:16
FXGL,D43,G6TYX00PN8MW,D43-CRB,D43-CRB_7G45B,007353,FXGL_C02-2FT-02_1_LOG-COLLECTION,PASS,2019-07-05 05:25:21,2019-07-05 05:25:32
FXGL,D43,G6TYX00QN38G,D43-CRB,D43-CRB_9G54R3,008036,FXGL_C02-2FT-02_1_LOG-COLLECTION,PASS,2019-07-05 08:35:02,2019-07-05 08:35:14
FXGL,D43,G6TYX00RN38G,D43-CRB,D43-CRB_9G54R3,008037,FXGL_C02-2FT-02_1_LOG-COLLECTION,PASS,2019-07-05 02:27:15,2019-07-05 02:27:26
FXGL,D43,G6TYX00RN38Y,D43-CRB,D43-CRB_8G59W,008303,FXGL_C02-2FT-02_1_LOG-COLLECTION,PASS,2019-07-05 01:33:50,2019-07-05 01:34:01
FXGL,D43,G6TYX00RN8MW,D43-CRB,D43-CRB_7G45B,007355,FXGL_C02-2FT-02_1_LOG-COLLECTION,PASS,2019-07-05 01:09:09,2019-07-05 01:09:20
FXGL,D43,G6TYX00SN8MW,D43-CRB,D43-CRB_7G45B,007356,FXGL_C02-2FT-02_1_LOG-COLLECTION,PASS,2019-07-05 00:50:54,2019-07-05 00:51:07
FXGL,D43,G6TYX00TN38G,D43-CRB,D43-CRB_9G54R3,008039,FXGL_C02-2FT-02_1_LOG-COLLECTION,PASS,2019-07-05 01:25:25,2019-07-05 01:25:36
FXGL,D43,G6TYX00TN8MW,D43-CRB,D43-CRB_7G45B,007357,FXGL_C02-2FT-02_1_LOG-COLLECTION,PASS,2019-07-05 02:15:47,2019-07-05 02:15:58
FXGL,D43,G6TYX00UN38G,D43-CRB,D43-CRB_9G54R3,008040,FXGL_C02-2FT-02_1_LOG-COLLECTION,PASS,2019-07-05 08:34:54,2019-07-05 08:35:08
FXGL,D43,G6TYX00UN38Y,D43-CRB,D43-CRB_8G59W,008333,FXGL_C02-2FT-02_1_LOG-COLLECTION,PASS,2019-07-05 03:12:33,2019-07-05 03:12:44
FXGL,D43,G6TYX00VN38G,D43-CRB,D43-CRB_9G54R3,008041,FXGL_C02-2FT-02_1_LOG-COLLECTION,PASS,2019-07-05 08:44:15,2019-07-05 08:44:26
FXGL,D43,G6TYX00WN38G,D43-CRB,D43-CRB_9G54R3,008042,FXGL_C02-2FT-02_1_LOG-COLLECTION,PASS,2019-07-05 00:22:18,2019-07-05 00:22:30
FXGL,D43,G6TYX00YN38G,D43-CRB,D43-CRB_9G53R3,008014,FXGL_C02-2FT-02_1_LOG-COLLECTION,PASS,2019-07-05 02:25:38,2019-07-05 02:25:50
FXGL,D43,G6TYX00YN39C,D43-CRB,D43-CRB_8A5R,007274,FXGL_C02-2FT-02_1_LOG-COLLECTION,PASS,2019-07-05 04:12:57,2019-07-05 04:13:08
FXGL,D43,G6TYX010N38G,D43-CRB,D43-CRB_9G53R3,008016,FXGL_C02-2FT-02_1_LOG-COLLECTION,PASS,2019-07-05 01:44:43,2019-07-05 01:44:54
FXGL,D43,G6TYX011N39D,D43-CRB,D43-CRB_8K7G,008580,FXGL_C02-2FT-02_1_LOG-COLLECTION,PASS,2019-07-05 03:05:06,2019-07-05 03:05:16
FXGL,D43,G6TYX012N38Y,D43-CRB,D43-CRB_8G59W,008325,FXGL_C02-2FT-02_1_LOG-COLLECTION,PASS,2019-07-05 04:08:46,2019-07-05 04:08:57
FXGL,D43,G6TYX014N38G,D43-CRB,D43-CRB_9G53R3,008020,FXGL_C02-2FT-02_1_LOG-COLLECTION,PASS,2019-07-05 00:22:56,2019-07-05 00:23:08
FXGL,D43,G6TYX016N38G,D43-CRB,D43-CRB_9G53R3,008022,FXGL_C02-2FT-02_1_LOG-COLLECTION,PASS,2019-07-05 00:57:42,2019-07-05 00:57:56
FXGL,D43,G6TYX017N38T,D43-CRB,D43-CRB_9A3R3,006050,FXGL_C02-2FT-02_1_LOG-COLLECTION,PASS,2019-07-05 05:25:16,2019-07-05 05:25:28
FXGL,D43,G6TYX018N38G,D43-CRB,D43-CRB_9G53R3,008024,FXGL_C02-2FT-02_1_LOG-COLLECTION,PASS,2019-07-05 03:16:22,2019-07-05 03:16:43
FXGL,D43,G6TYX018N39K,D43-CRB,D43-CRB_7G32G,006118,FXGL_C02-2FT-02_1_LOG-COLLECTION,PASS,2019-07-05 21:49:17,2019-07-05 21:49:28
FXGL,D43,G6TYX01AN38R,D43-CRB,D43-CRB_9RA6W3,006624,FXGL_C02-2FT-02_1_LOG-COLLECTION,PASS,2019-07-05 00:48:41,2019-07-05 00:48:52
FXGL,D43,G6TYX01BN38G,D43-CRB,D43-CRB_9G53R3,008026,FXGL_C02-2FT-02_1_LOG-COLLECTION,PASS,2019-07-05 01:44:51,2019-07-05 01:45:02
FXGL,D43,G6TYX01FN38Y,D43-CRB,D43-CRB_8G59WS,008382,FXGL_C02-2FT-02_1_LOG-COLLECTION,PASS,2019-07-05 04:11:50,2019-07-05 04:12:02
FXGL,D43,G6TYX01KN38T,D43-CRB,D43-CRB_9A4R3,006510,FXGL_C02-2FT-02_1_LOG-COLLECTION,PASS,2019-07-05 04:17:24,2019-07-05 04:17:35
FXGL,D43,G6TYX01KN39K,D43-CRB,D43-CRB_7G32G,006129,FXGL_C02-2FT-02_1_LOG-COLLECTION,PASS,2019-07-05 22:25:28,2019-07-05 22:25:41
FXGL,D43,G6TYX01NN38Y,D43-CRB,D43-CRB_8G59WS,008375,FXGL_C02-2FT-02_1_LOG-COLLECTION,PASS,2019-07-05 04:15:57,2019-07-05 04:16:08
FXGL,D43,G6TYX01PN38Y,D43-CRB,D43-CRB_8G59WS,008374,FXGL_C02-2FT-02_1_LOG-COLLECTION,PASS,2019-07-05 00:43:55,2019-07-05 00:44:06
FXGL,D43,G6TYX01PN39Q,D43-CRB,D43-CRB_7G37G,006587,FXGL_C02-2FT-02_1_LOG-COLLECTION,PASS,2019-07-05 21:19:32,2019-07-05 21:19:43
FXGL,D43,G6TYX01QN38Y,D43-CRB,D43-CRB_8G59WS,008373,FXGL_C02-2FT-02_1_LOG-COLLECTION,PASS,2019-07-05 05:14:29,2019-07-05 05:14:40
FXGL,D43,G6TYX01RN38Y,D43-CRB,D43-CRB_8G59WS,008372,FXGL_C02-2FT-02_1_LOG-COLLECTION,PASS,2019-07-05 03:05:30,2019-07-05 03:05:41
FXGL,D43,G6TYX01SN38Y,D43-CRB,D43-CRB_8G59WS,008371,FXGL_C02-2FT-02_1_LOG-COLLECTION,PASS,2019-07-05 08:20:46,2019-07-05 08:20:57
FXGL,D43,G6TYX01TN38Y,D43-CRB,D43-CRB_8G59WS,008370,FXGL_C02-2FT-02_1_LOG-COLLECTION,PASS,2019-07-05 03:19:22,2019-07-05 03:19:33
FXGL,D43,G6TYX01YN390,D43-CRB,D43-CRB_7G43R3,006871,FXGL_C02-2FT-02_1_LOG-COLLECTION,PASS,2019-07-05 01:46:33,2019-07-05 01:46:44
FXGL,D43,G6TYX021N38Y,D43-CRB,D43-CRB_8G59WS,008362,FXGL_C02-2FT-02_1_LOG-COLLECTION,PASS,2019-07-05 01:34:19,2019-07-05 01:34:30
FXGL,D43,G6TYX028N39W,D43-CRB,D43-CRB_7G47R3,007045,FXGL_C02-2FT-02_1_LOG-COLLECTION,PASS,2019-07-05 04:13:01,2019-07-05 04:13:11
FXGL,D43,G6TYX02JN39K,D43-CRB,D43-CRB_7G32G,006162,FXGL_C02-2FT-02_1_LOG-COLLECTION,PASS,2019-07-05 21:57:02,2019-07-05 21:57:12
FXGL,D43,G6TYX02LN39K,D43-CRB,D43-CRB_7G32G,006164,FXGL_C02-2FT-02_1_LOG-COLLECTION,PASS,2019-07-05 22:26:53,2019-07-05 22:27:04
FXGL,D43,G6TYX02RN39C,D43-CRB,D43-CRB_8A5R,007313,FXGL_C02-2FT-02_1_LOG-COLLECTION,PASS,2019-07-05 04:18:52,2019-07-05 04:19:12
FXGL,D43,G6TYX02VN390,D43-CRB,D43-CRB_8G40R3,006899,FXGL_C02-2FT-02_1_LOG-COLLECTION,PASS,2019-07-05 02:32:01,2019-07-05 02:32:12
FXGL,D43,G6TYX02WN39W,D43-CRB,D43-CRB_7A6R3,007137,FXGL_C02-2FT-02_1_LOG-COLLECTION,PASS,2019-07-05 01:24:17,2019-07-05 01:24:27
FXGL,D43,G6TYX031N39K,D43-CRB,D43-CRB_7G32G,006179,FXGL_C02-2FT-02_1_LOG-COLLECTION,PASS,2019-07-05 21:18:51,2019-07-05 21:19:02
FXGL,D43,G6TYX035N39K,D43-CRB,D43-CRB_7G32G,006183,FXGL_C02-2FT-02_1_LOG-COLLECTION,PASS,2019-07-05 21:24:19,2019-07-05 21:24:30
FXGL,D43,G6TYX039N390,D43-CRB,D43-CRB_8G40R3,006885,FXGL_C02-2FT-02_1_LOG-COLLECTION,PASS,2019-07-05 04:15:05,2019-07-05 04:15:16
FXGL,D43,G6TYX03EN39K,D43-CRB,D43-CRB_7G32G,006192,FXGL_C02-2FT-02_1_LOG-COLLECTION,PASS,2019-07-05 22:02:38,2019-07-05 22:02:49
FXGL,D43,G6TYX03KN39K,D43-CRB,D43-CRB_7G32G,006197,FXGL_C02-2FT-02_1_LOG-COLLECTION,PASS,2019-07-05 05:43:10,2019-07-05 05:43:21
FXGL,D43,G6TYX03MN390,D43-CRB,D43-CRB_8G41R3,006953,FXGL_C02-2FT-02_1_LOG-COLLECTION,PASS,2019-07-05 02:33:36,2019-07-05 02:33:48
FXGL,D43,G6TYX03MN39P,D43-CRB,D43-CRB_7Q2R,007508,FXGL_C02-2FT-02_1_LOG-COLLECTION,PASS,2019-07-05 03:59:41,2019-07-05 03:59:52
FXGL,D43,G6TYX03RN39K,D43-CRB,D43-CRB_7G32G,006203,FXGL_C02-2FT-02_1_LOG-COLLECTION,PASS,2019-07-05 22:03:09,2019-07-05 22:03:20
FXGL,D43,G6TYX03SN39K,D43-CRB,D43-CRB_7G32G,006204,FXGL_C02-2FT-02_1_LOG-COLLECTION,PASS,2019-07-05 21:59:47,2019-07-05 21:59:58
FXGL,D43,G6TYX03UN39K,D43-CRB,D43-CRB_7G32G,006206,FXGL_C02-2FT-02_1_LOG-COLLECTION,PASS,2019-07-05 05:13:04,2019-07-05 05:13:16
FXGL,D43,G6TYX03UN39P,D43-CRB,D43-CRB_7Q2R,007501,FXGL_C02-2FT-02_1_LOG-COLLECTION,PASS,2019-07-05 00:48:58,2019-07-05 00:49:08
FXGL,D43,G6TYX03VN39W,D43-CRB,D43-CRB_7A6R3,007062,FXGL_C02-2FT-02_1_LOG-COLLECTION,PASS,2019-07-05 03:16:40,2019-07-05 03:16:51
FXGL,D43,G6TYX04AN39C,D43-CRB,D43-CRB_8A12R,007933,FXGL_C02-2FT-02_1_LOG-COLLECTION,PASS,2019-07-05 08:40:39,2019-07-05 08:40:49
FXGL,D43,G6TYX04DN390,D43-CRB,D43-CRB_8G41R3,006938,FXGL_C02-2FT-02_1_LOG-COLLECTION,PASS,2019-07-05 03:04:53,2019-07-05 03:05:05
FXGL,D43,G6TYX04HN396,D43-CRB,D43-CRB_8G34G,006334,FXGL_C02-2FT-02_1_LOG-COLLECTION,PASS,2019-07-05 02:32:23,2019-07-05 02:32:34
FXGL,D43,G6TYX04HN396,D43-CRB,D43-CRB_8G34G,006334,FXGL_C02-2FT-02_1_LOG-COLLECTION,PASS,2019-07-05 03:14:45,2019-07-05 03:14:56
FXGL,D43,G6TYX04JN390,D43-CRB,D43-CRB_8G41R3,006943,FXGL_C02-2FT-02_1_LOG-COLLECTION,PASS,2019-07-05 00:51:56,2019-07-05 00:52:09
FXGL,D43,G6TYX04NN396,D43-CRB,D43-CRB_8G34G,006329,FXGL_C02-2FT-02_1_LOG-COLLECTION,PASS,2019-07-05 03:08:59,2019-07-05 03:09:11
FXGL,D43,G6TYX04QN390,D43-CRB,D43-CRB_8G42R3,006996,FXGL_C02-2FT-02_1_LOG-COLLECTION,PASS,2019-07-05 00:50:49,2019-07-05 00:51:01
FXGL,D43,G6TYX04QN39C,D43-CRB,D43-CRB_8G58R3,008470,FXGL_C02-2FT-02_1_LOG-COLLECTION,PASS,2019-07-05 00:48:47,2019-07-05 00:48:58
FXGL,D43,G6TYX04RN396,D43-CRB,D43-CRB_8G34G,006326,FXGL_C02-2FT-02_1_LOG-COLLECTION,PASS,2019-07-05 04:02:52,2019-07-05 04:03:03
FXGL,D43,G6TYX04SN39X,D43-CRB,D43-CRB_7K6G,008562,FXGL_C02-2FT-02_1_LOG-COLLECTION,PASS,2019-07-05 03:04:36,2019-07-05 03:04:46
FXGL,D43,G6TYX04UN390,D43-CRB,D43-CRB_8G42R3,006992,FXGL_C02-2FT-02_1_LOG-COLLECTION,PASS,2019-07-05 01:48:34,2019-07-05 01:48:45
FXGL,D43,G6TYX04YN396,D43-CRB,D43-CRB_8G34G,006344,FXGL_C02-2FT-02_1_LOG-COLLECTION,PASS,2019-07-05 04:06:19,2019-07-05 04:06:30
FXGL,D43,G6TYX050N39C,D43-CRB,D43-CRB_8G58R3,008477,FXGL_C02-2FT-02_1_LOG-COLLECTION,PASS,2019-07-05 05:13:14,2019-07-05 05:13:24
FXGL,D43,G6TYX051N39C,D43-CRB,D43-CRB_8G58R3,008478,FXGL_C02-2FT-02_1_LOG-COLLECTION,PASS,2019-07-05 00:54:39,2019-07-05 00:54:51
FXGL,D43,G6TYX052N39C,D43-CRB,D43-CRB_8G58R3,008479,FXGL_C02-2FT-02_1_LOG-COLLECTION,PASS,2019-07-05 00:19:40,2019-07-05 00:19:52
FXGL,D43,G6TYX053N39C,D43-CRB,D43-CRB_8G58R3,008480,FXGL_C02-2FT-02_1_LOG-COLLECTION,PASS,2019-07-05 05:18:14,2019-07-05 05:18:25
FXGL,D43,G6TYX054N39C,D43-CRB,D43-CRB_8G58R3,008481,FXGL_C02-2FT-02_1_LOG-COLLECTION,PASS,2019-07-05 02:21:15,2019-07-05 02:21:26
FXGL,D43,G6TYX05EN390,D43-CRB,D43-CRB_8G42R3,006972,FXGL_C02-2FT-02_1_LOG-COLLECTION,PASS,2019-07-05 04:21:55,2019-07-05 04:22:06
FXGL,D43,G6TYX069N396,D43-CRB,D43-CRB_8G34GS,006365,FXGL_C02-2FT-02_1_LOG-COLLECTION,PASS,2019-07-05 03:04:20,2019-07-05 03:04:32
FXGL,D43,G6TYX077N396,D43-CRB,D43-CRB_8G34GS,006384,FXGL_C02-2FT-02_1_LOG-COLLECTION,PASS,2019-07-05 00:54:15,2019-07-05 00:54:27
FXGL,D43,G6TYX07UN39W,D43-CRB,D43-CRB_7A8R,007376,FXGL_C02-2FT-02_1_LOG-COLLECTION,PASS,2019-07-05 03:14:41,2019-07-05 03:14:53
FXGL,D43,G6TYX07WN39W,D43-CRB,D43-CRB_7A8R,007379,FXGL_C02-2FT-02_1_LOG-COLLECTION,PASS,2019-07-05 05:17:40,2019-07-05 05:17:50
FXGL,D43,G6TYX08KN39W,D43-CRB,D43-CRB_7A13R,007771,FXGL_C02-2FT-02_1_LOG-COLLECTION,PASS,2019-07-05 21:40:09,2019-07-05 21:40:20
FXGL,D43,G6TYX0ADN39P,D43-CRB,D43-CRB_7A10R,008407,FXGL_C02-2FT-02_1_LOG-COLLECTION,PASS,2019-07-05 03:18:31,2019-07-05 03:18:42
FXGL,D43,G6TYX0ALN39P,D43-CRB,D43-CRB_7A10R,008388,FXGL_C02-2FT-02_1_LOG-COLLECTION,PASS,2019-07-05 04:20:08,2019-07-05 04:20:18
FXGL,D43,G6TYX0AVN39P,D43-CRB,D43-CRB_7A10R,008397,FXGL_C02-2FT-02_1_LOG-COLLECTION,PASS,2019-07-05 05:18:33,2019-07-05 05:18:44
FXGL,D43,G6TYX0B4N39P,D43-CRB,D43-CRB_7G60R,008164,FXGL_C02-2FT-02_1_LOG-COLLECTION,PASS,2019-07-05 01:14:51,2019-07-05 01:15:02
FXGL,D43,G6TYX0BHN39P,D43-CRB,D43-CRB_7G60R,008185,FXGL_C02-2FT-02_1_LOG-COLLECTION,PASS,2019-07-05 00:21:40,2019-07-05 00:21:52
FXGL,D43,G6TYX0BLN39P,D43-CRB,D43-CRB_7G60R,008181,FXGL_C02-2FT-02_1_LOG-COLLECTION,PASS,2019-07-05 05:27:28,2019-07-05 05:27:39
FXGL,D43,G6TYX0BMN39P,D43-CRB,D43-CRB_7G60R,008180,FXGL_C02-2FT-02_1_LOG-COLLECTION,PASS,2019-07-05 03:18:24,2019-07-05 03:18:36
FXGL,D43,G6TYX0BQN39P,D43-CRB,D43-CRB_7G60R,008182,FXGL_C02-2FT-02_1_LOG-COLLECTION,PASS,2019-07-05 05:22:11,2019-07-05 05:22:21
FXGL,D43,G6TYX0BZN39W,D43-CRB,D43-CRB_7A13R,007852,FXGL_C02-2FT-02_1_LOG-COLLECTION,PASS,2019-07-05 05:38:45,2019-07-05 05:38:56
FXGL,D43,G6TYX0CAN39P,D43-CRB,D43-CRB_7G60R,008235,FXGL_C02-2FT-02_1_LOG-COLLECTION,PASS,2019-07-05 04:06:10,2019-07-05 04:06:22
FXGL,D43,G6TYX0CBN39W,D43-CRB,D43-CRB_7A13R,007861,FXGL_C02-2FT-02_1_LOG-COLLECTION,PASS,2019-07-05 01:18:10,2019-07-05 01:18:21
FXGL,D43,G6TYX0CPN39P,D43-CRB,D43-CRB_7G60R,008222,FXGL_C02-2FT-02_1_LOG-COLLECTION,PASS,2019-07-05 02:31:03,2019-07-05 02:31:15
FXGL,D43,G6TYX0CWN39P,D43-CRB,D43-CRB_7G60R,008215,FXGL_C02-2FT-02_1_LOG-COLLECTION,PASS,2019-07-05 00:52:14,2019-07-05 00:52:25
FXGL,D43,G6TYX0CZN39P,D43-CRB,D43-CRB_7G60R,008212,FXGL_C02-2FT-02_1_LOG-COLLECTION,PASS,2019-07-05 04:03:00,2019-07-05 04:03:10
FXGL,D43,G6TYX0D1N39P,D43-CRB,D43-CRB_7G60R,008210,FXGL_C02-2FT-02_1_LOG-COLLECTION,PASS,2019-07-05 00:19:10,2019-07-05 00:19:23
FXGL,D43,G6TYX0D2N39P,D43-CRB,D43-CRB_7G60R,008209,FXGL_C02-2FT-02_1_LOG-COLLECTION,PASS,2019-07-05 00:19:17,2019-07-05 00:19:28
FXGL,D43,G6TYX0D5N39P,D43-CRB,D43-CRB_7G60R,008206,FXGL_C02-2FT-02_1_LOG-COLLECTION,PASS,2019-07-05 00:54:06,2019-07-05 00:54:18
FXGL,D43,G6TYX0D8N39P,D43-CRB,D43-CRB_7G60R,008203,FXGL_C02-2FT-02_1_LOG-COLLECTION,PASS,2019-07-05 00:51:06,2019-07-05 00:51:16
FXGL,D43,G6TYX0D9N39P,D43-CRB,D43-CRB_7G60R,008202,FXGL_C02-2FT-02_1_LOG-COLLECTION,PASS,2019-07-05 03:08:49,2019-07-05 03:09:01
FXGL,D43,G6TYX0DGN39P,D43-CRB,D43-CRB_7G60R,008171,FXGL_C02-2FT-02_1_LOG-COLLECTION,PASS,2019-07-05 05:24:27,2019-07-05 05:24:39
FXGL,D43,G6TZ1001N38Y,,,,FXGL_C07-3F-BIR_1_LOG-COLLECTION,PASS,2019-07-05 20:16:31,2019-07-05 20:17:18
FXGL,D43,G6TZ1001N393,,,,FXGL_C07-3F-BIR_2_LOG-COLLECTION,PASS,2019-07-05 01:27:03,2019-07-05 01:27:54
FXGL,D43,G6TZ1001N399,,,,FXGL_C07-3F-BIR_1_LOG-COLLECTION,PASS,2019-07-05 09:40:09,2019-07-05 09:40:47
FXGL,D43,G6TZ1002N393,,,,FXGL_C07-3F-BIR_1_LOG-COLLECTION,PASS,2019-07-05 01:27:28,2019-07-05 01:28:07
FXGL,D43,G6TZ1002N398,,,,FXGL_C07-3F-BIR_2_LOG-COLLECTION,PASS,2019-07-05 10:13:20,2019-07-05 10:14:39
FXGL,D43,G6TZ1002N399,,,,FXGL_C07-3F-BIR_1_LOG-COLLECTION,PASS,2019-07-05 09:38:48,2019-07-05 09:39:32
FXGL,D43,G6TZ1003N38Y,,,,FXGL_C07-3F-BIR_1_LOG-COLLECTION,PASS,2019-07-05 20:16:36,2019-07-05 20:17:18
FXGL,D43,G6TZ1003N393,,,,FXGL_C07-3F-BIR_2_LOG-COLLECTION,PASS,2019-07-05 01:26:54,2019-07-05 01:27:47
FXGL,D43,G6TZ1003N398,,,,FXGL_C07-3F-BIR_2_LOG-COLLECTION,PASS,2019-07-05 10:16:41,2019-07-05 10:17:30
FXGL,D43,G6TZ1003N399,,,,FXGL_C07-3F-BIR_2_LOG-COLLECTION,PASS,2019-07-05 10:19:07,2019-07-05 10:20:04
FXGL,D43,G6TZ1004N38Y,,,,FXGL_C07-3F-BIR_2_LOG-COLLECTION,PASS,2019-07-05 12:58:45,2019-07-05 12:59:32
FXGL,D43,G6TZ1004N393,,,,FXGL_C07-3F-BIR_1_LOG-COLLECTION,PASS,2019-07-05 01:28:06,2019-07-05 01:28:43
FXGL,D43,G6TZ1004N398,,,,FXGL_C07-3F-BIR_2_LOG-COLLECTION,PASS,2019-07-05 10:13:07,2019-07-05 10:14:21
FXGL,D43,G6TZ1004N399,,,,FXGL_C07-3F-BIR_1_LOG-COLLECTION,PASS,2019-07-05 09:36:52,2019-07-05 09:37:40
FXGL,D43,G6TZ1005N38Y,,,,FXGL_C07-3F-BIR_2_LOG-COLLECTION,PASS,2019-07-05 13:01:14,2019-07-05 13:01:59
FXGL,D43,G6TZ1005N393,,,,FXGL_C07-3F-BIR_2_LOG-COLLECTION,PASS,2019-07-05 00:50:10,2019-07-05 00:50:46
FXGL,D43,G6TZ1005N398,,,,FXGL_C07-3F-BIR_2_LOG-COLLECTION,PASS,2019-07-05 10:15:01,2019-07-05 10:16:02
FXGL,D43,G6TZ1005N399,,,,FXGL_C07-3F-BIR_2_LOG-COLLECTION,PASS,2019-07-05 10:13:16,2019-07-05 10:14:34
FXGL,D43,G6TZ1006N38Y,,,,FXGL_C07-3F-BIR_1_LOG-COLLECTION,PASS,2019-07-05 21:33:28,2019-07-05 21:34:09
FXGL,D43,G6TZ1006N398,,,,FXGL_C07-3F-BIR_2_LOG-COLLECTION,PASS,2019-07-05 10:15:28,2019-07-05 10:16:37
FXGL,D43,G6TZ1007N38Y,,,,FXGL_C07-3F-BIR_2_LOG-COLLECTION,PASS,2019-07-05 13:01:38,2019-07-05 13:02:22
FXGL,D43,G6TZ1007N393,,,,FXGL_C07-3F-BIR_1_LOG-COLLECTION,PASS,2019-07-05 01:26:46,2019-07-05 01:27:26
FXGL,D43,G6TZ1007N398,,,,FXGL_C07-3F-BIR_2_LOG-COLLECTION,PASS,2019-07-05 10:18:58,2019-07-05 10:19:53
FXGL,D43,G6TZ1007N399,,,,FXGL_C07-3F-BIR_2_LOG-COLLECTION,FAIL,2019-07-05 08:09:06,2019-07-05 08:09:56
FXGL,D43,G6TZ1007N399,,,,FXGL_C07-3F-BIR_1_LOG-COLLECTION,PASS,2019-07-05 08:11:55,2019-07-05 08:12:39
FXGL,D43,G6TZ1008N38F,,,,FXGL_C07-3F-BIR_1_LOG-COLLECTION,PASS,2019-07-05 08:14:00,2019-07-05 08:14:42
FXGL,D43,G6TZ1008N393,,,,FXGL_C07-3F-BIR_2_LOG-COLLECTION,PASS,2019-07-05 01:31:21,2019-07-05 01:31:57
FXGL,D43,G6TZ1008N398,,,,FXGL_C07-3F-BIR_1_LOG-COLLECTION,PASS,2019-07-05 20:16:27,2019-07-05 20:17:09
FXGL,D43,G6TZ1008N399,,,,FXGL_C07-3F-BIR_2_LOG-COLLECTION,PASS,2019-07-05 10:08:27,2019-07-05 10:09:07
FXGL,D43,G6TZ1009N38F,,,,FXGL_C07-3F-BIR_2_LOG-COLLECTION,PASS,2019-07-05 03:01:22,2019-07-05 03:02:21
FXGL,D43,G6TZ1009N393,,,,FXGL_C07-3F-BIR_2_LOG-COLLECTION,PASS,2019-07-05 01:26:58,2019-07-05 01:27:50
FXGL,D43,G6TZ1009N398,,,,FXGL_C07-3F-BIR_2_LOG-COLLECTION,PASS,2019-07-05 10:13:36,2019-07-05 10:14:45
FXGL,D43,G6TZ1009N399,,,,FXGL_C07-3F-BIR_2_LOG-COLLECTION,FAIL,2019-07-05 09:45:21,2019-07-05 09:45:48
FXGL,D43,G6TZ1009N399,,,,FXGL_C07-3F-BIR_2_LOG-COLLECTION,PASS,2019-07-05 09:53:32,2019-07-05 09:54:07
FXGL,D43,G6TZ100AN38Y,,,,FXGL_C07-3F-BIR_1_LOG-COLLECTION,PASS,2019-07-05 12:58:59,2019-07-05 12:59:43
FXGL,D43,G6TZ100AN393,,,,FXGL_C07-3F-BIR_1_LOG-COLLECTION,PASS,2019-07-05 01:31:14,2019-07-05 01:31:51
FXGL,D43,G6TZ100AN399,,,,FXGL_C07-3F-BIR_2_LOG-COLLECTION,PASS,2019-07-05 09:54:25,2019-07-05 09:54:42
FXGL,D43,G6TZ100BN38Y,,,,FXGL_C07-3F-BIR_2_LOG-COLLECTION,PASS,2019-07-05 12:58:34,2019-07-05 12:59:22
FXGL,D43,G6TZ100BN393,,,,FXGL_C07-3F-BIR_2_LOG-COLLECTION,PASS,2019-07-05 01:27:05,2019-07-05 01:27:56
FXGL,D43,G6TZ100BN398,,,,FXGL_C07-3F-BIR_2_LOG-COLLECTION,PASS,2019-07-05 10:15:11,2019-07-05 10:16:23
FXGL,D43,G6TZ100BN399,,,,FXGL_C07-3F-BIR_1_LOG-COLLECTION,PASS,2019-07-05 09:36:49,2019-07-05 09:37:36
FXGL,D43,G6TZ100CN38Y,,,,FXGL_C07-3F-BIR_1_LOG-COLLECTION,PASS,2019-07-05 13:00:07,2019-07-05 13:00:50
FXGL,D43,G6TZ100CN398,,,,FXGL_C07-3F-BIR_2_LOG-COLLECTION,PASS,2019-07-05 10:18:55,2019-07-05 10:19:58
FXGL,D43,G6TZ100CN399,,,,FXGL_C07-3F-BIR_1_LOG-COLLECTION,PASS,2019-07-05 09:39:03,2019-07-05 09:39:49
FXGL,D43,G6TZ100DN38Y,,,,FXGL_C07-3F-BIR_2_LOG-COLLECTION,PASS,2019-07-05 12:58:48,2019-07-05 12:59:31
FXGL,D43,G6TZ100DN393,,,,FXGL_C07-3F-BIR_2_LOG-COLLECTION,PASS,2019-07-05 02:28:37,2019-07-05 02:29:31
FXGL,D43,G6TZ100DN398,,,,FXGL_C07-3F-BIR_2_LOG-COLLECTION,PASS,2019-07-05 10:15:23,2019-07-05 10:16:32
FXGL,D43,G6TZ100DN399,,,,FXGL_C07-3F-BIR_1_LOG-COLLECTION,PASS,2019-07-05 08:06:42,2019-07-05 08:07:29
FXGL,D43,G6TZ100EN38Y,,,,FXGL_C07-3F-BIR_1_LOG-COLLECTION,PASS,2019-07-05 12:59:03,2019-07-05 12:59:49
FXGL,D43,G6TZ100EN393,,,,FXGL_C07-3F-BIR_1_LOG-COLLECTION,PASS,2019-07-05 01:26:42,2019-07-05 01:27:19
FXGL,D43,G6TZ100EN398,,,,FXGL_C07-3F-BIR_2_LOG-COLLECTION,PASS,2019-07-05 10:15:30,2019-07-05 10:16:39
FXGL,D43,G6TZ100EN399,,,,FXGL_C07-3F-BIR_2_LOG-COLLECTION,FAIL,2019-07-05 10:18:46,2019-07-05 10:20:49
FXGL,D43,G6TZ100EN399,,,,FXGL_C07-3F-BIR_2_LOG-COLLECTION,FAIL,2019-07-05 10:21:07,2019-07-05 10:22:52
FXGL,D43,G6TZ100EN399,,,,FXGL_C07-3F-BIR_2_LOG-COLLECTION,FAIL,2019-07-05 10:23:28,2019-07-05 10:25:06
FXGL,D43,G6TZ100FN38Y,,,,FXGL_C07-3F-BIR_2_LOG-COLLECTION,PASS,2019-07-05 13:01:27,2019-07-05 13:02:14
FXGL,D43,G6TZ100FN398,,,,FXGL_C07-3F-BIR_2_LOG-COLLECTION,PASS,2019-07-05 10:16:53,2019-07-05 10:17:37
FXGL,D43,G6TZ100FN399,,,,FXGL_C07-3F-BIR_1_LOG-COLLECTION,PASS,2019-07-05 08:14:54,2019-07-05 08:15:32
FXGL,D43,G6TZ100GN38Y,,,,FXGL_C07-3F-BIR_1_LOG-COLLECTION,PASS,2019-07-05 13:20:48,2019-07-05 13:21:25
FXGL,D43,G6TZ100GN390,,,,FXGL_C07-3F-BIR_2_LOG-COLLECTION,PASS,2019-07-05 03:01:20,2019-07-05 03:02:23
FXGL,D43,G6TZ100GN393,,,,FXGL_C07-3F-BIR_2_LOG-COLLECTION,PASS,2019-07-05 15:52:06,2019-07-05 15:52:16
FXGL,D43,G6TZ100GN398,,,,FXGL_C07-3F-BIR_2_LOG-COLLECTION,PASS,2019-07-05 10:13:28,2019-07-05 10:14:41
FXGL,D43,G6TZ100GN399,,,,FXGL_C07-3F-BIR_1_LOG-COLLECTION,PASS,2019-07-05 09:37:05,2019-07-05 09:37:53
FXGL,D43,G6TZ100HN38Y,,,,FXGL_C07-3F-BIR_2_LOG-COLLECTION,PASS,2019-07-05 13:02:07,2019-07-05 13:02:49
FXGL,D43,G6TZ100HN393,,,,FXGL_C07-3F-BIR_1_LOG-COLLECTION,PASS,2019-07-05 08:13:56,2019-07-05 08:14:38
FXGL,D43,G6TZ100HN398,,,,FXGL_C07-3F-BIR_2_LOG-COLLECTION,PASS,2019-07-05 10:13:11,2019-07-05 10:14:33
FXGL,D43,G6TZ100HN399,,,,FXGL_C07-3F-BIR_1_LOG-COLLECTION,PASS,2019-07-05 09:39:49,2019-07-05 09:40:28
FXGL,D43,G6TZ100JN38Y,,,,FXGL_C07-3F-BIR_1_LOG-COLLECTION,PASS,2019-07-05 13:57:45,2019-07-05 13:58:31
FXGL,D43,G6TZ100JN398,,,,FXGL_C07-3F-BIR_2_LOG-COLLECTION,PASS,2019-07-05 10:16:48,2019-07-05 10:17:33
FXGL,D43,G6TZ100KN38G,,,,FXGL_C07-3F-BIR_1_LOG-COLLECTION,PASS,2019-07-05 01:30:41,2019-07-05 01:31:15
FXGL,D43,G6TZ100KN38Y,,,,FXGL_C07-3F-BIR_1_LOG-COLLECTION,PASS,2019-07-05 13:01:26,2019-07-05 13:02:02
FXGL,D43,G6TZ100KN398,,,,FXGL_C07-3F-BIR_2_LOG-COLLECTION,PASS,2019-07-05 10:15:18,2019-07-05 10:16:32
FXGL,D43,G6TZ100KN399,,,,FXGL_C07-3F-BIR_1_LOG-COLLECTION,PASS,2019-07-05 09:38:59,2019-07-05 09:39:43
FXGL,D43,G6TZ100LN38Y,,,,FXGL_C07-3F-BIR_1_LOG-COLLECTION,PASS,2019-07-05 12:59:14,2019-07-05 12:59:55
FXGL,D43,G6TZ100LN393,,,,FXGL_C07-3F-BIR_2_LOG-COLLECTION,PASS,2019-07-05 15:58:56,2019-07-05 15:59:05
FXGL,D43,G6TZ100LN398,,,,FXGL_C07-3F-BIR_1_LOG-COLLECTION,PASS,2019-07-05 23:59:30,2019-07-06 00:00:13
FXGL,D43,G6TZ100LN399,,,,FXGL_C07-3F-BIR_2_LOG-COLLECTION,PASS,2019-07-05 10:06:21,2019-07-05 10:06:56
FXGL,D43,G6TZ100MN399,,,,FXGL_C07-3F-BIR_2_LOG-COLLECTION,PASS,2019-07-05 13:21:13,2019-07-05 13:21:53
FXGL,D43,G6TZ100NN399,,,,FXGL_C07-3F-BIR_2_LOG-COLLECTION,PASS,2019-07-05 15:01:44,2019-07-05 15:02:47
FXGL,D43,G6TZ100PN399,,,,FXGL_C07-3F-BIR_1_LOG-COLLECTION,PASS,2019-07-05 13:57:39,2019-07-05 13:58:22
FXGL,D43,G6TZ100QN399,,,,FXGL_C07-3F-BIR_1_LOG-COLLECTION,PASS,2019-07-05 13:58:48,2019-07-05 13:59:34
FXGL,D43,G6TZ100QN39G,,,,FXGL_C07-3F-BIR_1_LOG-COLLECTION,PASS,2019-07-05 14:34:43,2019-07-05 14:35:17
FXGL,D43,G6TZ100TN38F,,,,FXGL_C07-3F-BIR_1_LOG-COLLECTION,PASS,2019-07-05 08:08:53,2019-07-05 08:09:35
FXGL,D43,G6TZ100TN399,,,,FXGL_C07-3F-BIR_2_LOG-COLLECTION,PASS,2019-07-05 14:27:36,2019-07-05 14:28:23
FXGL,D43,G6TZ100UN399,,,,FXGL_C07-3F-BIR_1_LOG-COLLECTION,PASS,2019-07-05 13:58:58,2019-07-05 13:59:41
FXGL,D43,G6TZ100VN390,,,,FXGL_C07-3F-BIR_1_LOG-COLLECTION,PASS,2019-07-05 03:01:04,2019-07-05 03:01:49
FXGL,D43,G6TZ100VN399,,,,FXGL_C07-3F-BIR_1_LOG-COLLECTION,PASS,2019-07-05 14:27:04,2019-07-05 14:28:02
FXGL,D43,G6TZ100WN399,,,,FXGL_C07-3F-BIR_1_LOG-COLLECTION,PASS,2019-07-05 14:00:03,2019-07-05 14:00:41
FXGL,D43,G6TZ100WN39G,,,,FXGL_C07-3F-BIR_1_LOG-COLLECTION,PASS,2019-07-05 13:00:17,2019-07-05 13:00:54
FXGL,D43,G6TZ100XN399,,,,FXGL_C07-3F-BIR_1_LOG-COLLECTION,PASS,2019-07-05 14:00:07,2019-07-05 14:00:45
FXGL,D43,G6TZ100YN399,,,,FXGL_C07-3F-BIR_1_LOG-COLLECTION,PASS,2019-07-05 13:19:59,2019-07-05 13:20:38
FXGL,D43,G6TZ100ZN399,,,,FXGL_C07-3F-BIR_2_LOG-COLLECTION,PASS,2019-07-05 14:28:51,2019-07-05 14:29:31
FXGL,D43,G6TZ100ZN39G,,,,FXGL_C07-3F-BIR_1_LOG-COLLECTION,PASS,2019-07-05 00:50:01,2019-07-05 00:50:44
FXGL,D43,G6TZ1010N399,,,,FXGL_C07-3F-BIR_1_LOG-COLLECTION,PASS,2019-07-05 14:27:49,2019-07-05 14:28:33
FXGL,D43,G6TZ1010N39G,,,,FXGL_C07-3F-BIR_2_LOG-COLLECTION,PASS,2019-07-05 00:50:06,2019-07-05 00:50:44
FXGL,D43,G6TZ1011N399,,,,FXGL_C07-3F-BIR_2_LOG-COLLECTION,PASS,2019-07-05 14:27:41,2019-07-05 14:28:27
FXGL,D43,G6TZ1011N39G,,,,FXGL_C07-3F-BIR_1_LOG-COLLECTION,PASS,2019-07-05 00:26:51,2019-07-05 00:27:47
FXGL,D43,G6TZ1011N39G,,,,FXGL_C07-3F-BIR_1_LOG-COLLECTION,PASS,2019-07-05 08:31:42,2019-07-05 08:32:16
FXGL,D43,G6TZ1012N399,,,,FXGL_C07-3F-BIR_1_LOG-COLLECTION,PASS,2019-07-05 14:27:51,2019-07-05 14:28:32
FXGL,D43,G6TZ1013N399,,,,FXGL_C07-3F-BIR_1_LOG-COLLECTION,PASS,2019-07-05 13:19:55,2019-07-05 13:20:30
FXGL,D43,G6TZ1013N39G,,,,FXGL_C07-3F-BIR_2_LOG-COLLECTION,PASS,2019-07-05 00:07:53,2019-07-05 00:08:27
FXGL,D43,G6TZ1013N39G,,,,FXGL_C07-3F-BIR_2_LOG-COLLECTION,FAIL,2019-07-05 08:09:13,2019-07-05 08:09:50
FXGL,D43,G6TZ1013N39G,,,,FXGL_C07-3F-BIR_1_LOG-COLLECTION,PASS,2019-07-05 08:12:00,2019-07-05 08:12:42
FXGL,D43,G6TZ1014N399,,,,FXGL_C07-3F-BIR_2_LOG-COLLECTION,PASS,2019-07-05 13:22:54,2019-07-05 13:23:31
FXGL,D43,G6TZ1014N39G,,,,FXGL_C07-3F-BIR_1_LOG-COLLECTION,PASS,2019-07-05 21:33:25,2019-07-05 21:34:01
FXGL,D43,G6TZ1015N399,,,,FXGL_C07-3F-BIR_1_LOG-COLLECTION,PASS,2019-07-05 13:57:37,2019-07-05 13:58:23
FXGL,D43,G6TZ1016N399,,,,FXGL_C07-3F-BIR_1_LOG-COLLECTION,PASS,2019-07-05 13:58:51,2019-07-05 13:59:38
FXGL,D43,G6TZ1016N39G,,,,FXGL_C07-3F-BIR_1_LOG-COLLECTION,PASS,2019-07-05 13:01:23,2019-07-05 13:02:01
FXGL,D43,G6TZ1017N399,,,,FXGL_C07-3F-BIR_2_LOG-COLLECTION,PASS,2019-07-05 14:27:44,2019-07-05 14:28:27
FXGL,D43,G6TZ1018N399,,,,FXGL_C07-3F-BIR_2_LOG-COLLECTION,PASS,2019-07-05 13:21:29,2019-07-05 13:22:12
FXGL,D43,G6TZ1018N39G,,,,FXGL_C07-3F-BIR_2_LOG-COLLECTION,PASS,2019-07-05 12:59:55,2019-07-05 13:00:32
FXGL,D43,G6TZ1019N399,,,,FXGL_C07-3F-BIR_1_LOG-COLLECTION,PASS,2019-07-05 14:28:21,2019-07-05 14:29:01
FXGL,D43,G6TZ1019N39G,,,,FXGL_C07-3F-BIR_2_LOG-COLLECTION,PASS,2019-07-05 12:59:41,2019-07-05 13:00:23
FXGL,D43,G6TZ101AN399,,,,FXGL_C07-3F-BIR_1_LOG-COLLECTION,PASS,2019-07-05 15:50:51,2019-07-05 15:50:58
FXGL,D43,G6TZ101AN39G,,,,FXGL_C07-3F-BIR_1_LOG-COLLECTION,PASS,2019-07-05 20:49:44,2019-07-05 20:50:22
FXGL,D43,G6TZ101BN399,,,,FXGL_C07-3F-BIR_1_LOG-COLLECTION,PASS,2019-07-05 15:50:56,2019-07-05 15:51:01
FXGL,D43,G6TZ101BN39G,,,,FXGL_C07-3F-BIR_1_LOG-COLLECTION,PASS,2019-07-05 00:49:58,2019-07-05 00:50:42
FXGL,D43,G6TZ101CN399,,,,FXGL_C07-3F-BIR_2_LOG-COLLECTION,PASS,2019-07-05 15:50:48,2019-07-05 15:51:03
FXGL,D43,G6TZ101CN39G,,,,FXGL_C07-3F-BIR_1_LOG-COLLECTION,PASS,2019-07-05 00:07:50,2019-07-05 00:08:28
FXGL,D43,G6TZ101DN39G,,,,FXGL_C07-3F-BIR_1_LOG-COLLECTION,PASS,2019-07-05 00:16:19,2019-07-05 00:16:54
FXGL,D43,G6TZ101EN39G,,,,FXGL_C07-3F-BIR_1_LOG-COLLECTION,PASS,2019-07-05 00:07:52,2019-07-05 00:08:28
FXGL,D43,G6TZ101FN38G,,,,FXGL_C07-3F-BIR_2_LOG-COLLECTION,PASS,2019-07-05 08:06:37,2019-07-05 08:07:21
FXGL,D43,G6TZ101FN39G,,,,FXGL_C07-3F-BIR_1_LOG-COLLECTION,PASS,2019-07-05 01:31:10,2019-07-05 01:31:48
FXGL,D43,G6TZ101GN399,,,,FXGL_C07-3F-BIR_1_LOG-COLLECTION,PASS,2019-07-05 15:50:40,2019-07-05 15:50:46
FXGL,D43,G6TZ101GN39G,,,,FXGL_C07-3F-BIR_1_LOG-COLLECTION,PASS,2019-07-05 00:50:07,2019-07-05 00:50:52
FXGL,D43,G6TZ101HN39G,,,,FXGL_C07-3F-BIR_1_LOG-COLLECTION,FAIL,2019-07-05 01:53:59,2019-07-05 01:55:05
FXGL,D43,G6TZ101HN39G,,,,FXGL_C07-3F-BIR_1_LOG-COLLECTION,FAIL,2019-07-05 01:55:56,2019-07-05 01:57:01
FXGL,D43,G6TZ101HN39G,,,,FXGL_C07-3F-BIR_2_LOG-COLLECTION,FAIL,2019-07-05 02:02:37,2019-07-05 02:03:41
FXGL,D43,G6TZ101HN39G,,,,FXGL_C07-3F-BIR_2_LOG-COLLECTION,FAIL,2019-07-05 13:38:18,2019-07-05 13:38:20
FXGL,D43,G6TZ101JN39G,,,,FXGL_C07-3F-BIR_2_LOG-COLLECTION,PASS,2019-07-05 17:48:55,2019-07-05 17:49:30
FXGL,D43,G6TZ101KN39G,,,,FXGL_C07-3F-BIR_1_LOG-COLLECTION,PASS,2019-07-05 01:19:14,2019-07-05 01:19:49
FXGL,D43,G6TZ101KN39G,,,,FXGL_C07-3F-BIR_2_LOG-COLLECTION,PASS,2019-07-05 10:07:18,2019-07-05 10:07:52
FXGL,D43,G6TZ101LN39G,,,,FXGL_C07-3F-BIR_2_LOG-COLLECTION,FAIL,2019-07-05 10:07:11,2019-07-05 10:07:18
FXGL,D43,G6TZ101LN39G,,,,FXGL_C07-3F-BIR_2_LOG-COLLECTION,PASS,2019-07-05 10:08:06,2019-07-05 10:08:43
FXGL,D43,G6TZ101NN39G,,,,FXGL_C07-3F-BIR_1_LOG-COLLECTION,PASS,2019-07-05 02:28:23,2019-07-05 02:29:12
FXGL,D43,G6TZ101PN39G,,,,FXGL_C07-3F-BIR_2_LOG-COLLECTION,PASS,2019-07-05 08:07:11,2019-07-05 08:08:09
FXGL,D43,G6TZ101QN39G,,,,FXGL_C07-3F-BIR_2_LOG-COLLECTION,PASS,2019-07-05 03:01:05,2019-07-05 03:02:04
FXGL,D43,G6TZ101RN39G,,,,FXGL_C07-3F-BIR_1_LOG-COLLECTION,PASS,2019-07-05 08:15:54,2019-07-05 08:16:35
FXGL,D43,G6TZ101SN39G,,,,FXGL_C07-3F-BIR_2_LOG-COLLECTION,PASS,2019-07-05 04:51:18,2019-07-05 04:52:24
FXGL,D43,G6TZ101TN39G,,,,FXGL_C07-3F-BIR_1_LOG-COLLECTION,PASS,2019-07-05 08:07:53,2019-07-05 08:08:29
FXGL,D43,G6TZ101UN39G,,,,FXGL_C07-3F-BIR_1_LOG-COLLECTION,PASS,2019-07-05 02:30:40,2019-07-05 02:31:18
FXGL,D43,G6TZ101UN39G,,,,FXGL_C07-3F-BIR_1_LOG-COLLECTION,PASS,2019-07-05 10:46:16,2019-07-05 10:46:59
FXGL,D43,G6TZ101VN39G,,,,FXGL_C07-3F-BIR_2_LOG-COLLECTION,PASS,2019-07-05 02:30:36,2019-07-05 02:31:22
FXGL,D43,G6TZ101VN39G,,,,FXGL_C07-3F-BIR_1_LOG-COLLECTION,PASS,2019-07-05 10:46:13,2019-07-05 10:46:57
FXGL,D43,G6TZ101WN39G,,,,FXGL_C07-3F-BIR_2_LOG-COLLECTION,PASS,2019-07-05 08:08:11,2019-07-05 08:08:57
FXGL,D43,G6TZ101XN39G,,,,FXGL_C07-3F-BIR_2_LOG-COLLECTION,PASS,2019-07-05 08:06:56,2019-07-05 08:07:50
FXGL,D43,G6TZ101YN39G,,,,FXGL_C07-3F-BIR_1_LOG-COLLECTION,PASS,2019-07-05 16:10:57,2019-07-05 16:11:33
FXGL,D43,G6TZ101ZN39G,,,,FXGL_C07-3F-BIR_2_LOG-COLLECTION,PASS,2019-07-05 16:11:19,2019-07-05 16:11:59
FXGL,D43,G6TZ1020N39G,,,,FXGL_C07-3F-BIR_1_LOG-COLLECTION,PASS,2019-07-05 03:02:04,2019-07-05 03:02:42
FXGL,D43,G6TZ1021N39G,,,,FXGL_C07-3F-BIR_2_LOG-COLLECTION,PASS,2019-07-05 03:01:17,2019-07-05 03:02:17
FXGL,D43,G6TZ1022N39G,,,,FXGL_C07-3F-BIR_2_LOG-COLLECTION,PASS,2019-07-05 04:51:06,2019-07-05 04:52:16
FXGL,D43,G6TZ1023N39G,,,,FXGL_C07-3F-BIR_1_LOG-COLLECTION,PASS,2019-07-05 08:07:56,2019-07-05 08:08:35
FXGL,D43,G6TZ1024N39G,,,,FXGL_C07-3F-BIR_1_LOG-COLLECTION,PASS,2019-07-05 08:10:07,2019-07-05 08:10:48
FXGL,D43,G6TZ1025N39G,,,,FXGL_C07-3F-BIR_1_LOG-COLLECTION,PASS,2019-07-05 08:08:56,2019-07-05 08:09:33
FXGL,D43,G6TZ1026N39G,,,,FXGL_C07-3F-BIR_2_LOG-COLLECTION,PASS,2019-07-05 02:29:06,2019-07-05 02:29:57
FXGL,D43,G6TZ1027N39G,,,,FXGL_C07-3F-BIR_1_LOG-COLLECTION,PASS,2019-07-05 16:10:59,2019-07-05 16:11:36
FXGL,D43,G6TZ1028N39G,,,,FXGL_C07-3F-BIR_1_LOG-COLLECTION,PASS,2019-07-05 02:28:31,2019-07-05 02:29:17
FXGL,D43,G6TZ1029N39G,,,,FXGL_C07-3F-BIR_2_LOG-COLLECTION,PASS,2019-07-05 13:01:09,2019-07-05 13:01:53
FXGL,D43,G6TZ102AN39G,,,,FXGL_C07-3F-BIR_1_LOG-COLLECTION,PASS,2019-07-05 02:29:38,2019-07-05 02:30:17
FXGL,D43,G6TZ102CN39G,,,,FXGL_C07-3F-BIR_1_LOG-COLLECTION,PASS,2019-07-05 04:50:50,2019-07-05 04:51:33
FXGL,D43,G6TZ102DN39G,,,,FXGL_C07-3F-BIR_1_LOG-COLLECTION,PASS,2019-07-05 02:28:27,2019-07-05 02:29:14
FXGL,D43,G6TZ102EN39G,,,,FXGL_C07-3F-BIR_1_LOG-COLLECTION,PASS,2019-07-05 02:55:37,2019-07-05 02:56:15
FXGL,D43,G6TZ102FN39G,,,,FXGL_C07-3F-BIR_2_LOG-COLLECTION,PASS,2019-07-05 02:28:45,2019-07-05 02:29:41
FXGL,D43,G6TZ102GN39G,,,,FXGL_C07-3F-BIR_1_LOG-COLLECTION,PASS,2019-07-05 08:09:57,2019-07-05 08:10:36
FXGL,D43,G6TZ102HN39G,,,,FXGL_C07-3F-BIR_2_LOG-COLLECTION,PASS,2019-07-05 08:08:36,2019-07-05 08:09:25
FXGL,D43,G6TZ102JN39G,,,,FXGL_C07-3F-BIR_2_LOG-COLLECTION,PASS,2019-07-05 16:10:52,2019-07-05 16:11:27
FXGL,D43,G6TZ102KN39G,,,,FXGL_C07-3F-BIR_1_LOG-COLLECTION,PASS,2019-07-05 08:17:48,2019-07-05 08:18:27
FXGL,D43,G6TZ102LN39G,,,,FXGL_C07-3F-BIR_1_LOG-COLLECTION,PASS,2019-07-05 03:02:11,2019-07-05 03:02:51
FXGL,D43,G6TZ102MN39G,,,,FXGL_C07-3F-BIR_2_LOG-COLLECTION,PASS,2019-07-05 08:06:52,2019-07-05 08:07:49
FXGL,D43,G6TZ102NN39G,,,,FXGL_C07-3F-BIR_2_LOG-COLLECTION,PASS,2019-07-05 02:28:42,2019-07-05 02:29:39
FXGL,D43,G6TZ102PN39G,,,,FXGL_C07-3F-BIR_2_LOG-COLLECTION,FAIL,2019-07-05 08:15:48,2019-07-05 08:16:12
FXGL,D43,G6TZ102PN39G,,,,FXGL_C07-3F-BIR_1_LOG-COLLECTION,PASS,2019-07-05 08:16:54,2019-07-05 08:17:30
FXGL,D43,G6TZ102QN39G,,,,FXGL_C07-3F-BIR_1_LOG-COLLECTION,PASS,2019-07-05 08:16:49,2019-07-05 08:17:28
FXGL,D43,G6TZ102RN39G,,,,FXGL_C07-3F-BIR_1_LOG-COLLECTION,PASS,2019-07-05 08:11:03,2019-07-05 08:11:42
FXGL,D43,G6TZ102SN39G,,,,FXGL_C07-3F-BIR_2_LOG-COLLECTION,PASS,2019-07-05 08:08:15,2019-07-05 08:09:02
FXGL,D43,G6TZ102UN39G,,,,FXGL_C07-3F-BIR_2_LOG-COLLECTION,PASS,2019-07-05 05:05:39,2019-07-05 05:06:45
FXGL,D43,G6TZ102UN39G,,,,FXGL_C07-3F-BIR_1_LOG-COLLECTION,PASS,2019-07-05 13:02:36,2019-07-05 13:03:15
FXGL,D43,G6TZ102VN39G,,,,FXGL_C07-3F-BIR_2_LOG-COLLECTION,PASS,2019-07-05 08:07:15,2019-07-05 08:08:15
FXGL,D43,G6TZ102WN39G,,,,FXGL_C07-3F-BIR_2_LOG-COLLECTION,PASS,2019-07-05 05:05:44,2019-07-05 05:06:52
FXGL,D43,G6TZ102WN39G,,,,FXGL_C07-3F-BIR_1_LOG-COLLECTION,PASS,2019-07-05 20:49:42,2019-07-05 20:50:17
FXGL,D43,G6TZ102XN39G,,,,FXGL_C07-3F-BIR_2_LOG-COLLECTION,PASS,2019-07-05 08:08:41,2019-07-05 08:09:31
FXGL,D43,G6TZ102YN39G,,,,FXGL_C07-3F-BIR_1_LOG-COLLECTION,PASS,2019-07-05 02:43:14,2019-07-05 02:43:54
FXGL,D43,G6TZ102YN39G,,,,FXGL_C07-3F-BIR_1_LOG-COLLECTION,PASS,2019-07-05 10:46:11,2019-07-05 10:46:54
FXGL,D43,G6TZ102ZN39G,,,,FXGL_C07-3F-BIR_1_LOG-COLLECTION,PASS,2019-07-05 08:14:59,2019-07-05 08:15:37
FXGL,D43,G6TZ1030N39G,,,,FXGL_C07-3F-BIR_2_LOG-COLLECTION,PASS,2019-07-05 02:29:15,2019-07-05 02:30:08
FXGL,D43,G6TZ1031N39G,,,,FXGL_C07-3F-BIR_1_LOG-COLLECTION,PASS,2019-07-05 08:12:59,2019-07-05 08:13:37
FXGL,D43,G6TZ1032N39G,,,,FXGL_C07-3F-BIR_1_LOG-COLLECTION,PASS,2019-07-05 02:29:42,2019-07-05 02:30:22
FXGL,D43,G6TZ1033N39G,,,,FXGL_C07-3F-BIR_2_LOG-COLLECTION,PASS,2019-07-05 03:01:11,2019-07-05 03:02:11
FXGL,D43,G6TZ1034N39G,,,,FXGL_C07-3F-BIR_1_LOG-COLLECTION,PASS,2019-07-05 08:18:54,2019-07-05 08:19:33
FXGL,D43,G6TZ1035N39G,,,,FXGL_C07-3F-BIR_1_LOG-COLLECTION,PASS,2019-07-05 08:17:52,2019-07-05 08:18:30
FXGL,D43,G6TZ1036N39G,,,,FXGL_C07-3F-BIR_2_LOG-COLLECTION,PASS,2019-07-05 04:51:08,2019-07-05 04:52:16
FXGL,D43,G6TZ1037N39G,,,,FXGL_C07-3F-BIR_1_LOG-COLLECTION,PASS,2019-07-05 08:12:13,2019-07-05 08:12:54
FXGL,D43,G6TZ1038N39G,,,,FXGL_C07-3F-BIR_1_LOG-COLLECTION,PASS,2019-07-05 04:50:48,2019-07-05 04:51:32
FXGL,D43,G6TZ1039N39G,,,,FXGL_C07-3F-BIR_1_LOG-COLLECTION,PASS,2019-07-05 08:06:47,2019-07-05 08:07:34
FXGL,D43,G6TZ103AN39G,,,,FXGL_C07-3F-BIR_1_LOG-COLLECTION,PASS,2019-07-05 03:01:00,2019-07-05 03:01:46
FXGL,D43,G6TZ103BN39G,,,,FXGL_C07-3F-BIR_2_LOG-COLLECTION,PASS,2019-07-05 04:51:02,2019-07-05 04:52:10
FXGL,D43,G6TZ103CN39G,,,,FXGL_C07-3F-BIR_1_LOG-COLLECTION,PASS,2019-07-05 04:50:54,2019-07-05 04:51:37
FXGL,D43,G6TZ103DN39G,,,,FXGL_C07-3F-BIR_2_LOG-COLLECTION,PASS,2019-07-05 04:51:15,2019-07-05 04:52:20
FXGL,D43,G6TZ103EN39G,,,,FXGL_C07-3F-BIR_1_LOG-COLLECTION,PASS,2019-07-05 04:52:03,2019-07-05 04:52:46
FXGL,D43,G6TZ103FN39G,,,,FXGL_C07-3F-BIR_1_LOG-COLLECTION,PASS,2019-07-05 08:06:53,2019-07-05 08:07:35
FXGL,D43,G6TZ103GN39G,,,,FXGL_C07-3F-BIR_1_LOG-COLLECTION,PASS,2019-07-05 03:00:56,2019-07-05 03:01:41
FXGL,D43,G6TZ103HN39G,,,,FXGL_C07-3F-BIR_2_LOG-COLLECTION,PASS,2019-07-05 08:07:40,2019-07-05 08:08:30
FXGL,D43,G6TZ103JN39G,,,,FXGL_C07-3F-BIR_1_LOG-COLLECTION,PASS,2019-07-05 08:13:01,2019-07-05 08:13:42
FXGL,D43,G6TZ103KN39G,,,,FXGL_C07-3F-BIR_1_LOG-COLLECTION,PASS,2019-07-05 04:52:07,2019-07-05 04:52:51
FXGL,D43,G6TZ103LN39G,,,,FXGL_C07-3F-BIR_1_LOG-COLLECTION,PASS,2019-07-05 05:06:57,2019-07-05 05:07:40
FXGL,D43,G6TZ103LN39G,,,,FXGL_C07-3F-BIR_1_LOG-COLLECTION,FAIL,2019-07-05 13:02:42,2019-07-05 13:03:44
FXGL,D43,G6TZ103LN39G,,,,FXGL_C07-3F-BIR_1_LOG-COLLECTION,PASS,2019-07-05 13:02:54,2019-07-05 13:03:31
FXGL,D43,G6TZ103MN39G,,,,FXGL_C07-3F-BIR_2_LOG-COLLECTION,PASS,2019-07-05 04:52:27,2019-07-05 04:53:03
FXGL,D43,G6TZ103NN39G,,,,FXGL_C07-3F-BIR_1_LOG-COLLECTION,PASS,2019-07-05 08:15:56,2019-07-05 08:16:34
FXGL,D43,G6TZ103PN39G,,,,FXGL_C07-3F-BIR_1_LOG-COLLECTION,PASS,2019-07-05 23:59:39,2019-07-06 00:00:25
FXGL,D43,G6TZ103QN39G,,,,FXGL_C07-3F-BIR_2_LOG-COLLECTION,PASS,2019-07-05 23:59:39,2019-07-06 00:00:20
FXGL,D43,G6TZ103SN39G,,,,FXGL_C07-3F-BIR_2_LOG-COLLECTION,PASS,2019-07-05 23:59:36,2019-07-06 00:00:19
FXGL,D43,G6TZ103UN39G,,,,FXGL_C07-3F-BIR_1_LOG-COLLECTION,PASS,2019-07-05 23:59:33,2019-07-06 00:00:16
